x1,x2,x3,x4,x5,x6,y
-0.9926837988466013,0.048071799516851685,0.284094192096883,-1.0,1.0,1.0,6.006755422301795
-0.06574544430161232,-1.0,0.6289797309521468,-1.0,-0.03768368213322271,-1.0,7.688435572329479
-0.5803616666223821,-0.027852306572548557,-0.1924551903370776,-0.14636644665173304,1.0,0.23258916819401648,2.532928565551883
1.0,1.0,0.9281285853529486,1.0,1.0,0.4289289076587624,-8.916509047469615
-1.0,-1.0,-0.9840592859916237,-1.0,0.08284260202175919,0.4311942775143854,-6.8891362699559675
1.0,1.0,0.8228210592511409,1.0,0.0945425850833112,0.5387195541967844,-3.4145881282444264
0.8304372253878209,0.76357918205554,-0.8918432382832522,-1.0,-1.0,-0.9536841535963143,4.471418102680551
-0.08553359047087428,0.9907888385524606,-0.007419507836540662,-0.6690518443413144,-1.0,1.0,8.420581264091886
-1.0,-1.0,-0.1293188366409289,-0.3708328672530583,-0.27830497293519163,0.5691352926033335,-1.8851768470267185
0.10758825060838825,-0.7009249704399466,0.9560600538683613,0.5208552277154663,-0.12393752155321064,-0.07406298434929753,0.9280236517508621
0.5025142298328651,0.1732999621678329,-0.9851322669248301,-0.8871838030710272,0.30270317071105846,0.2033225420855268,-1.7012756836103131
-1.0,-0.47692635650951054,-0.19876774901988425,-0.51260470259536,1.0,1.0,5.690466476309295
0.05097656625596225,1.0,0.17573421098406783,1.0,-1.0,-1.0,5.7546367297078085
-1.0,-0.7965600417783563,-1.0,-1.0,-1.0,-0.109728801321473,-2.1283652821088306
-0.588628411230765,-0.7570399747792063,0.6756368776666758,0.31928631601878077,-1.0,0.367759549315761,-1.343369991067313
-0.6316600055194594,-0.6064981353364631,-1.0,-1.0,-1.0,-0.0001953653382092968,-1.2339431354084416
0.1228169307698257,-1.0,1.0,-1.0,-0.009700787497388674,0.5504518404938807,-0.2765166463901805
-0.03249891873255484,1.0,0.4625493207843148,-0.49479762623852047,1.0,1.0,4.417712598814011
-0.5555356004829186,-0.7400548110521381,-0.4041195797683921,0.4870643440598279,1.0,0.8722469661448216,3.0810981035049956
-0.48101286928424536,0.597301875558587,-0.23903705087545646,-1.0,1.0,1.0,8.51959901327769
0.6248757816111383,-1.0,-1.0,0.5255481317257439,0.8783138407789371,0.6306478184009585,-1.4821387890952353
-0.7413584847812806,-0.6309663226039258,-0.14934201586897866,-0.029790449879445458,0.2318911011636242,-0.5702598638731748,1.687105625879434
0.43834424807207195,1.0,1.0,-0.07032048254787837,0.44780228318712023,0.7458595299415867,-3.257973731765591
-1.0,-1.0,-0.8820089468615686,-0.4655158396775174,-0.4395113427449172,-1.0,2.094363115739278
0.12380292833303819,0.008892550301454527,-1.0,-0.1561265139729947,-0.6493263623939699,-0.08108269519573807,-1.2142556322241653
-0.8435614669292963,-0.4559198932525187,-0.8906038410098716,0.7251677874763263,0.438090597778627,0.07338527352988278,-1.446127158841098
0.6719683400457988,1.0,0.9334998932936671,-0.22935531227732578,0.8266905201754396,1.0,-2.7202933696101703
-0.4825644831715251,0.9789831179651548,-0.26017775344890354,-0.02348470125685337,-0.8191218751407828,0.03628504916070163,0.25471625663521785
-0.3552356817312213,-0.44163396468432137,-0.8900945199100202,-1.0,-0.13672296440067022,0.4988683137971511,-0.07561944657298231
-0.4208543050269329,0.14853508438938323,-0.8184980665984014,-1.0,-0.698493857254481,-0.8618177343678305,-0.3756087334618072
-0.03756053895796191,1.0,1.0,1.0,1.0,1.0,-6.181963191601128
0.8673441825475163,0.4769701402040194,-0.7470281965868855,1.0,0.1770794936047596,-0.3039563796031627,-1.1861673149328986
-0.2364238650547797,-0.8824006751733177,-1.0,-0.7397501582986664,-0.2546922354654231,-1.0,3.5997531243283647
0.5836180465679885,0.2346971900693109,1.0,-0.46185421177154296,1.0,-1.0,-0.8481911539793804
0.5403428322893143,1.0,-0.3007980638104127,0.13565767729200573,-0.28860798352331996,-0.1491998821221392,0.6251342072243196
0.12697985514507315,0.6784723656570879,0.3655434300198177,1.0,0.8145275119236983,-0.0634718833696406,-0.8855687605491676
-0.38529389997888724,0.8252656449697321,1.0,-0.38952912282452656,-0.035452933654517016,0.7236470992596754,-1.529733209549664
-0.10353168825910175,-0.36264289153107143,0.4751526194488833,-1.0,-1.0,-0.5689295888143682,3.7239914651667956
0.827887882573943,0.4181771719641188,0.2097494639763895,-1.0,-0.39322881554185757,-0.3108135039221803,0.9533668842416136
-1.0,-0.5692366988145956,-1.0,0.3506105254613118,-0.5719882856752823,-0.28423101625796177,-3.327359359412204
0.31569577974700014,-0.6293424430396533,-0.7238651199230624,0.929859184710198,0.25131484825946626,-0.7710298932793092,0.12572748879398654
0.170551368020883,1.0,1.0,0.40987824054574507,0.5792061650170922,0.07854100256218843,-3.711492086774483
0.8051998239443099,0.552598674297919,0.23299806669923173,0.32196484782722035,-0.1098987288487635,-0.7084915000056379,2.334743999168532
-1.0,-1.0,-0.7188041065989503,-1.0,-0.6848784649466528,-0.2770005928898007,-2.04371265209488
1.0,0.3994151965808497,0.16967914944624396,0.9944385251427537,-0.0726320390874983,1.0,3.2373874219207437
0.37582653223827733,0.7652504421053136,1.0,-1.0,-0.05409416866239747,-0.1403475736834714,-2.113742139038642
-1.0,-0.7787866581974519,-1.0,-1.0,0.25607360855963623,0.7353559686959699,-2.3635245843812136
-1.0,-0.14992807963290922,-0.41675080374972895,-0.6557386973001458,0.7473620471455173,-0.44365050552298657,2.8136728428572972
0.8786005068037746,0.43712158999132256,0.2394665312299098,1.0,-0.6254285336497674,-1.0,6.945038269142374
-1.0,-0.6528867839132924,-0.8195034375915062,-1.0,-0.010010052108066492,0.8460006171454018,-1.118296364939582
-0.8850126782324078,-1.0,0.832948759840486,-0.08820079325711416,-0.11708159984669031,-0.23120943751301093,2.821251857009604
-0.14189137836913565,0.4723777803099536,-0.7176133061895822,-0.14435799529254784,-1.0,-1.0,-0.776904336192848
-0.12888203253498598,0.26927949784523286,-0.07365748192646353,-0.35856330559223104,1.0,-0.17561319895698757,0.9723039465565771
0.9963873926227997,0.9424208525914529,-0.4539649216102122,-1.0,1.0,1.0,6.265693159760865
0.446650636937018,1.0,1.0,1.0,0.7989734926816185,0.947151855621706,-6.4911747992297055
-1.0,-0.1761195799417905,-1.0,-0.8151286709946821,1.0,0.06868692072296537,-0.557382457466164
0.027788813607757423,1.0,0.10659208528461384,1.0,1.0,1.0,3.682069300674154
0.06993764139677083,-0.5367066612739654,-1.0,-0.6846926179249182,0.21178388975850293,-0.9828501911656438,3.598151660566009
-0.6209996989189844,-0.9183758880320142,0.3510958017348922,0.15204010274969074,0.6188211764889078,1.0,2.4523315099425367
-0.1896147551146643,-0.6024966510998722,-0.21579838422218145,1.0,0.13558422260108693,0.10009770391746442,-0.1185093320949689
-0.390263993711064,-0.6335516868039364,0.16931805416915552,-1.0,0.6239453066845706,0.7582699330777353,-0.176071073054885
0.40564829880968034,0.6823326446095677,1.0,1.0,0.025285632479348674,-1.0,0.6102790602594899
1.0,0.80717837106442,1.0,1.0,-1.0,-0.7462550261022509,6.8134739238682185
-1.0,-0.17462413069874688,0.3426751557314528,0.2011791009979722,-1.0,-1.0,-1.157028873073168
-1.0,-1.0,-0.7945720406273429,-1.0,-0.31580761248999556,-0.21340982745156736,-3.803897479843597
0.5010302586282656,-0.42853333205035016,1.0,-0.8031927948581022,-0.749427720553739,-0.4003329136368572,3.3683139720657795
0.9604065517229339,-0.8212766285096285,0.36057167743015395,0.0852279892264664,-0.39122804002325884,0.5940308264331112,0.31297587332920473
1.0,-0.3621982239033159,1.0,0.7693758237262462,-0.10751278558349142,0.6964519840923427,-1.4308037894397934
0.3403079845823542,0.5792481108092519,-0.2523707400390066,0.3505710783675826,0.8089937325200549,1.0,3.2033871656580284
0.34311403354856423,-0.7448358764814511,-0.10503059709513285,-1.0,-0.6847675823885137,0.585172534737456,2.776437939445536
-0.28611623231706723,-0.5645744259723541,0.9493835156780717,1.0,1.0,0.6087674609223045,-0.9841442497225346
1.0,-0.5343738831598388,0.5841034688797995,-1.0,0.5028161910484452,1.0,-2.578132443303884
-1.0,-0.02805555796270265,-1.0,-0.7497658378852776,1.0,0.4139102167964672,0.9209212890255876
-0.42067277390995717,0.9464608126606752,0.3736301310483876,0.48533272061752364,0.5254750913000981,-0.1398841677740693,-0.6732764011139969
-1.0,0.4224162622732699,0.23430498653626985,0.28339049283756457,0.5114892413451078,-0.20579620938334442,1.489920166673892
0.334424293825787,-1.0,-1.0,0.2011188061650625,1.0,-0.3144032214771923,-3.186719897103598
-0.24803824493955828,0.3139148451632807,0.21548811876663154,1.0,0.26427837748806227,-0.7735069621832885,1.0729135964671983
-0.0900392905504171,-0.3826027006982544,-1.0,0.1596939150053312,0.5500311064471093,0.8601798412641918,4.293361071727374
-0.7986806186904121,-1.0,0.600060137754844,-0.4290078733268464,0.7255192550727279,0.9602948984131177,1.2390482588159468
-0.7094608686000312,-1.0,-1.0,-0.29026634358769354,-1.0,1.0,1.2746246794057727
1.0,0.2112331673357986,0.6975139154490175,0.9016851774296102,-1.0,-0.896518468075767,8.028852236008474
-0.5399161391514857,-0.8667557775126007,-1.0,-1.0,0.9000985722221844,0.33027545395675917,-4.216102751945234
1.0,1.0,-0.41262802144885397,0.3735020328704932,1.0,-0.06307365197452586,-1.052682523056002
1.0,1.0,0.7188444241785574,0.4450531459379583,-0.8189280715155676,-0.3793824630516267,1.2254135038441283
-1.0,-1.0,-1.0,-0.39665063101672726,1.0,0.28315444283396785,-4.86908179581801
-1.0,0.3550050969973493,0.14599486438631915,0.5550073553354267,1.0,1.0,6.34856879516171
1.0,1.0,0.013342711090819748,1.0,1.0,0.9793127839016618,-0.6419629807262249
-1.0,-1.0,-1.0,-0.645022472884144,0.8976356361953742,1.0,1.7474314364211687
-1.0,-0.3999349138410546,-1.0,-1.0,-0.6334096781507595,-1.0,3.5218803626368254
1.0,1.0,0.28672993822765,0.49263788873400394,1.0,0.343941099524264,-3.155070896381758
-1.0,-0.7260255439247714,0.042233944719159755,-0.7870839116547661,1.0,1.0,2.9709680073821216
-1.0,-0.6603226824881414,-1.0,-0.07995427582598102,1.0,1.0,5.806340831627579
-0.43282697407992576,0.13280735546393777,-1.0,-0.004867009476611894,0.054518333529036234,-1.0,4.322383944973953
-1.0,-1.0,-0.27343562758327744,-1.0,1.0,1.0,1.650393529530667
-0.11145847801238074,-0.9141007208857624,-0.4927324010137226,-1.0,1.0,0.358143960609315,-1.9201338922229945
-0.12864429699344626,-0.5814673664379901,-0.25441772620199876,-1.0,0.34330789036137155,-1.0,4.055312539406966
-1.0,-0.9278912056991752,-0.3733968237770837,-1.0,-0.6213212742578191,-1.0,3.5267562942433153
0.8810578978313013,0.5788966449142459,1.0,0.8460870090889111,1.0,1.0,-5.962423649436065
-0.9534382424764152,-0.7844758051264022,-1.0,-1.0,1.0,0.27463707885888444,-4.318226357793142
0.9599066702741756,0.4923476966399951,-0.8320373550772202,0.6425696562740277,0.3336185504843796,0.01965134167171856,-0.5135043159121068
-0.4910516438942564,-0.4623312767665959,-0.9198151328337241,-0.49800622692498847,-0.5646374006298838,-0.09568726830151433,-1.1341982882307173
-0.5265584498697029,-1.0,-0.4982578477901304,-1.0,-1.0,-1.0,5.49474765494757
-0.22546495614749196,-0.9754259850223614,-0.24565670273616502,-1.0,0.13085893122909154,-0.15399421888650638,-0.4212104033017723
0.3579442766439994,-0.09575529028209195,-0.37856080683684673,-0.057797441167811214,1.0,0.023932518598769104,-0.14884550387446005
1.0,-0.8350275889296653,0.6844538317300454,0.2714643079115608,-0.8669642135051605,-0.731536194003524,8.996828383753146
0.5284006418925824,0.404842142461612,1.0,0.5571874542904194,-0.1131837121003341,1.0,-0.8943719114939949
0.34660241519032553,-0.5108184286945516,-1.0,-1.0,-0.17786533412533112,-0.6484719577226375,0.1914325598203127
0.5180936665539693,0.44883269096714185,-0.8775780491169622,0.05973579318943156,-0.491958402270419,0.45174208512292546,2.093746080397123
0.13679054288721848,0.9994993406871464,0.8347294277502242,-0.07660981071713252,-1.0,0.07569241920469329,-2.841576083891944
0.356729128747005,0.9582729979134819,-0.17337709077696928,0.283056183553298,-0.2571894724832694,-1.0,3.0657623900158444
0.17183169380553673,-0.015552251359260971,0.327459210549384,0.08751835363850324,0.18929916754224563,-0.30613869433718977,-0.08743860876661957
0.812526552608029,0.3877520207227054,-0.0081112812735179,1.0,-0.8158936922311287,0.24998356539580635,1.686556493684627
-0.24769555493949424,-0.3699812480992044,0.6641641308361674,-0.7776109436441729,-1.0,-0.23421410836910028,1.3443626276865364
0.48367718893383993,-0.9478257210029608,-0.3320320651001899,0.3987900420241886,-0.002726181926200777,0.004320600460997581,-0.8407791291706325
0.039384114417729266,-0.09047188378054216,-1.0,-1.0,-0.42386414732019295,-1.0,1.4685882189231583
1.0,1.0,-0.642905867145833,0.27522731403195333,-1.0,-0.2924102599259469,4.723873338303972
0.3498175346350074,0.48884673361624487,1.0,1.0,-1.0,-0.23943621860064687,0.7442330837389758
1.0,-0.712080215854261,1.0,-0.643253014271369,-0.7402134958797983,1.0,3.4310096324876027
0.9749034181790741,0.4204913851920815,-0.6564981970838888,0.6883885363099065,-0.2674711437127265,-0.37860020796408944,2.532253339788265
0.20331120312106077,1.0,-0.036888439473757195,0.032022067347407424,-1.0,-0.199036161947987,0.21428761290190612
1.0,0.3574417373807395,0.3576929055389778,-0.7409996098676348,-0.022009622064757706,0.038701275437109106,-0.32184457077006856
-0.5426177283764917,1.0,-0.014245459791947024,-0.5700752180821287,-1.0,1.0,5.1188967896637
-1.0,-0.20606964824428875,-0.44101068930591425,-1.0,-0.504355576106349,1.0,0.7880111615884435
-0.21634176827751458,-0.11339352012255655,-0.916893868493431,-1.0,-0.8471303066303366,-0.24135968400593422,-1.0941949697287663
0.2722388439049948,0.6550429209526002,-1.0,0.3504139529112984,0.42504143849077003,-0.4988001511696389,-0.6472967007117033
-0.11201927404359341,-0.08679432435959378,-1.0,0.36963675391242884,-0.4741726403205244,-0.004466709888814507,0.16352583904772355
-1.0,-1.0,-0.04614975715974756,-0.6888184241983888,1.0,1.0,2.6477741914333346
-1.0,-0.3837002717964051,-0.6783436836112484,-1.0,0.7698309059203005,0.18656200670760326,0.8589828702871578
0.5157064756519698,0.6945015581712632,-0.4633731375450406,0.11403830781834312,-1.0,-0.724755808477238,2.4464056833313537
1.0,0.378161488905161,-0.25650868825875817,0.06301061241807854,-0.0607125678020429,0.10530914632496813,0.9901632701902521
0.7035316004850433,1.0,1.0,1.0,-0.45400147839894867,-0.9133447344489255,2.8331191758575858
-0.4375031417280169,-0.14975302108057054,0.31115011020086875,-1.0,-0.34490078558667725,-1.0,2.109306159851625
0.44666391778270986,-0.008050710658312532,-0.715224956967074,-1.0,-0.3936820432354048,0.6078716670864207,1.6344154018634485
0.16309830003697715,-0.4302495866347185,1.0,-1.0,-0.8307857194453765,-0.04718986280976223,1.0135103828677166
0.4555218467594445,0.5306503397664664,-0.8809547040566502,-0.4342693962096044,0.350521953245751,-0.5790705720010623,-1.8878072728358597
0.6659991142540037,-0.23845627245229645,0.643308929047768,0.1480107582941798,-1.0,0.08185428290633334,2.3272117005814685
-0.5002211925580544,-0.7254128572835625,0.7179849614543617,0.6964731969771668,1.0,1.0,3.479440693564549
-0.6120749366512952,-0.5615042437734186,1.0,-1.0,0.7936819324661465,0.6252164688883886,-2.214689190506273
1.0,1.0,-0.5420457916799506,1.0,0.564747212631951,-0.4084492729057688,1.2529136033862631
0.9922642487577995,0.9060280927423077,0.600384420958699,-0.8019813999052472,-0.4589279257274959,0.8178731749330034,3.6039380835317254
0.15135647731424812,-0.10913384437413953,0.11776465754275109,-0.9099654928570458,1.0,-0.10513544942779429,0.4632980463787012
0.1774779212446215,0.3430219483563244,1.0,0.3732627111671104,-0.16096520247945523,-0.425140745220439,0.8895713580801653
0.06060705635566188,0.3555410862723938,1.0,1.0,0.26018933270230094,0.860072321764024,-3.1984746198248386
-0.1653895345593397,-1.0,-1.0,-0.48453383659139404,0.18596154050944125,-0.9446872980316825,1.6825307000046072
0.07300319294015278,1.0,0.8480197892969317,0.2129041333028719,-0.9722924077956266,-0.05999998358286146,-2.2991624577435767
-0.058350753809304656,-1.0,-0.6999411761917841,-1.0,0.04542973168928155,0.11480261842892692,-3.5541532673604728
1.0,1.0,0.022506050098709984,0.792124746810333,0.3146260523601279,1.0,1.5408221632205226
-0.5222478444782787,-0.05124053050440047,-0.19015295707690139,-0.6163078851902517,-0.28645902735049644,0.23657407393586874,-0.6402792538748822
-0.07657396767680608,-0.832049246280351,-0.40089126060783337,1.0,1.0,0.6044848679432631,0.9127728384519157
-1.0,-0.5249050672804847,-1.0,-0.25446847207382695,-1.0,-0.7796843698705986,0.04208563320171366
1.0,0.42467084877350003,1.0,1.0,0.3334972017901249,0.555578064111623,-4.298238591061371
1.0,1.0,0.4058529810774687,1.0,1.0,0.7088992698797751,-5.407473236213033
0.8208661683989785,0.3501307508442446,0.4659402248415186,0.40172298168087806,-0.20609898079910638,-1.0,4.175613614416355
-0.9156515368380389,-1.0,0.8711881409288904,-0.30650964543537984,0.40842380305502335,-1.0,8.294733940126159
-1.0,-0.370560645790342,-0.47861476619349075,0.3578798430841542,1.0,1.0,6.87443496451874
-1.0,-0.07271437268186465,-0.41731179800011753,-0.38625678958547605,-0.2090252608838825,-0.0039131059352632835,-0.7756092956983195
-1.0,0.18392755747342648,-1.0,-0.5742890440559434,1.0,-0.22491566332079077,-0.8437372043352922
0.8177117846379205,1.0,0.8821960432464913,1.0,-0.7166799010347127,0.06207759335610142,0.6534731629117563
-0.3488230238871102,0.3612521428717824,-0.5659356208580215,-0.7374485741240534,-0.973879519590716,-0.5740746978414365,-0.57784849998842
0.28856139127253094,1.0,0.7158040317216725,-0.12237574477490898,1.0,0.42392162364174524,-0.5092325747211469
-0.2526073203136401,-0.48376809026175704,-1.0,-0.7103722568343359,0.5309919864136015,0.719926412106622,1.7234374311398923
1.0,1.0,1.0,0.3989394792028744,-0.4090297681952876,-1.0,3.6842233010437
-0.32338663899115405,-1.0,-1.0,-1.0,-1.0,0.07487973410708992,0.22206959138100638
0.4235850882586382,-0.33669675136077637,-1.0,-1.0,0.9685276487580066,-0.4868930867239276,-1.9000357633088187
-1.0,0.15337847815860284,-0.31142675225559313,-0.042052711678466914,-0.3902758923326675,1.0,0.783191457455993
-0.9231374208371849,-0.16766419817363243,-1.0,-1.0,0.9519688066800369,0.13813921070296692,-0.11603940374290728
-1.0,0.3592595536215659,0.2595398432585604,0.1300434135933936,0.11848327660940283,0.6305570608474319,-0.5232242977897356
1.0,1.0,1.0,1.0,-1.0,-0.1392871013086261,4.225403412559934
-0.74494020189965,-1.0,-0.3665910295077044,-0.17741374885472627,1.0,0.004759232904359312,-0.0525003316467163
-0.1693221199135465,0.1878556176285367,-0.6402514046493214,-0.4830159707501142,1.0,1.0,6.538974935804465
-0.2855478716834341,-0.363672560815931,-0.10730732106726637,-0.5605756871216749,1.0,0.4003994270483247,2.50823681868519
-0.6187927528352007,-1.0,-1.0,-0.8078912473521072,-0.22243862485196875,0.8520938053234238,-0.5022362119833536
-0.8489976044774229,-1.0,-0.842128858002092,0.07359896767807927,0.10241438027777616,1.0,2.6148293562041602
-1.0,-0.11805944018242709,-0.4503260428808886,-0.005920716071462273,-1.0,0.42289487889645777,-2.214423185343902
-0.3390141069737729,-1.0,-0.4256723230969217,-0.20629727019769106,0.4649314677461378,-0.13138517841022734,-0.17908421956358606
-0.4663027989463125,-0.3355237672239453,-1.0,0.47074081830354364,0.09579868856069573,-1.0,3.8357906157944917
-0.45665006054436175,-0.6718094417956451,1.0,0.5177617940986878,-1.0,-0.8319559810439603,0.18603899757339076
-0.5708199795247966,-0.0783491420751149,0.6877707924359113,0.4406597288493721,0.5956704471864891,-1.0,3.114356736457185
-0.19256038065507197,-0.7169545833503352,0.16665174750517975,0.05601978317017764,-0.35766860817059254,1.0,1.7676604034132517
0.8529529398541054,1.0,-0.5112261976742983,0.2952109883542444,0.8127276147309992,0.8070613645943686,1.8895762517858012
1.0,1.0,0.06550388410661667,0.84933175809297,0.1712406115863555,0.15700092473942706,-0.539420420285783
-0.8435384766547063,-0.3299010249447351,1.0,0.6152845964293088,1.0,1.0,-0.694699929149784
-0.5861403834067096,-0.831368444507131,0.8606816142224676,-1.0,0.34080803137716453,-0.9602432812803696,5.495898811708504
0.8521468019063324,-0.4565348366795129,1.0,-0.35578031488833817,0.07029979766617533,0.6488452535793179,-2.213630726281092
0.9899701741238683,-0.23306397415075425,0.33218329838077176,1.0,0.2032421852405218,-1.0,4.741910575051208
1.0,-0.288919581301884,0.8416120711682572,1.0,0.9255870902815152,0.18150081726274203,-4.04137605511248
1.0,-0.31629459635039003,0.1331679857977185,0.0631320008275793,-0.7671054663801886,-1.0,6.752203893485996
1.0,-0.7658121268866533,-0.5861668681961958,-1.0,0.8802638780709258,1.0,-4.871075454661711
1.0,1.0,0.32892713452384104,1.0,-0.9159684691283683,-0.01601619397069806,4.872538753600172
0.5578671784744589,1.0,1.0,0.5646188801002756,0.44954844759977497,-0.33446233664538744,-2.531992045717062
0.37359899609395564,1.0,-0.4545560716926622,-0.161622772691293,-1.0,-0.3046322841106216,1.482410688828351
1.0,0.8307626951849676,0.804566320003911,1.0,0.15208182847448332,-0.5487496150465547,-0.4064508483196272
-1.0,0.22394388341027943,-0.43865614900635186,0.09085851284149682,-0.16310964235432207,-1.0,2.251884556175122
-0.20023385102548175,-0.05998307102527278,0.4860881862611287,0.38472297735215577,0.09244529791929568,-0.35727868814538644,0.2386915084767714
1.0,1.0,-0.12947916137366028,1.0,0.3718941951091277,-0.042351800882201696,-1.059129804552577
-0.41551638678503505,0.6403658180364116,0.125705655260002,-0.20823279718658672,-0.5249451742790414,-0.6558748299153934,-0.40889757988429165
0.2528086076036089,1.0,0.2829774955287647,1.0,-0.8623802323590568,-1.0,6.200092201749606
0.16925905046056544,0.44216961449824455,0.3476965648279956,0.140303812657548,-0.7666684447401699,-1.0,2.0323918178506823
1.0,1.0,0.19024896329862861,1.0,0.11989290871121516,1.0,1.7465133581431898
0.26793373133183673,-1.0,-0.0034068785868544005,0.7247410240202794,-0.3903651861200307,-0.8713527099954277,3.6410022679985796
0.5659540856878753,0.7480650481432938,0.24805599718146243,1.0,-1.0,-0.7163687204306957,5.779087894794555
1.0,-0.2855949620521222,-0.4486904214535,0.7294020750438774,-0.3164695555550287,-0.6837620038933712,3.087980745653832
0.3155035147580343,0.16737607576476332,0.9923943584973274,0.8448941307292106,-0.01929034411386607,-1.0,0.7444190721699482
0.12995993430832542,0.6239181830089647,-1.0,0.45036194866497553,-0.08423783929830597,-0.05086643978917538,0.581661861639373
-0.6171802394698924,-1.0,-1.0,-1.0,-0.5628496689251271,-1.0,3.140254985566954
-1.0,-0.1542211726294551,-0.6021816801471622,0.39081488499231115,-0.6945087688617981,-1.0,0.6361152445197402
1.0,-0.7671871900620781,-1.0,-0.2150759701708907,-0.23999326395556653,-1.0,3.703513006829367
-1.0,-0.37581796423235714,-1.0,-1.0,0.3942162463256643,0.5100122713255446,-0.4848115217201978
0.9856642483411737,0.21072834659855777,0.981805709277185,0.7037309018539315,0.5702483850558941,1.0,-4.607619774197984
-0.5571087894404932,0.5694055445864039,-1.0,0.3158051496355455,0.6000689972408466,0.19769444344021458,1.2750729124921174
1.0,0.9542965628644056,1.0,0.5174755757237335,-0.9937379308848567,0.19181879536424054,2.0297391821355344
-1.0,0.26949573102339996,0.0823889760481733,1.0,0.5058123726924769,0.8465752171659943,1.8186123595217816
1.0,1.0,0.24542207458579446,1.0,0.5086742722271057,-0.2521550190321773,-1.0481858159503477
0.6399599857428644,1.0,1.0,1.0,0.6355585606753779,-1.0,-3.6663723127850436
-0.12792534465849803,-1.0,0.7155541523472024,-0.11618232953928764,-0.24515998376456394,-0.12574164078837569,2.86576062340784
0.9431283577933911,-1.0,0.09858368879923196,-1.0,-0.9950421549482351,-0.6804896797148007,13.011193884339166
-0.6698006039183992,1.0,-0.4568859069088771,-0.21609623217765395,0.5113942275911496,-0.5157149813124844,2.4993995070193207
-1.0,0.06229191223917774,0.041748148915954464,-0.5668634665535597,-1.0,-0.6517186766300478,-1.9236897473616614
0.3515577414920324,1.0,1.0,1.0,-0.16107963580365903,-0.2783805509169228,-2.571198738370134
-0.6355531415246446,-0.7413751891209932,-0.7117771143587197,-0.9889483785708181,-0.04755207059675337,0.1733796353435056,-2.33384444635373
0.8104094042901204,0.5001472122712679,0.4877407589966986,0.2183300038408773,0.05371263678589744,1.0,1.4473025234682777
-0.4463787185851936,0.5578717263145312,1.0,0.4344329656280178,-1.0,-0.44404534749651814,-1.3674533369947601
-0.6348902309867264,-0.23711263602195576,0.06533738751896563,0.7510033632079673,-0.33628807071810507,-1.0,1.8666687011797947
0.07574876120072116,-0.690465689567068,0.8868933876024571,-0.22484194875254238,-1.0,-1.0,4.373979523898578
1.0,0.4604060816217739,0.6946379132535576,0.24119725938347536,0.886089051588589,0.23351970353986543,-2.3653108308544186
0.8119002930691477,0.757732414165039,1.0,1.0,0.5203359068584685,1.0,-5.964537191497828
1.0,1.0,-0.08216438442889651,1.0,0.1246525744642204,0.9617898218528997,2.440379834558332
0.44113012721010625,-1.0,-1.0,-1.0,0.06952878144404451,0.7238722104605422,-3.428372557292701
-1.0,-1.0,-1.0,-1.0,0.04298131657100002,0.2755817800607986,-7.0664712791274615
-0.7082075661925152,0.16863557151189157,0.2651419082087777,-0.538477702613657,-1.0,-0.04799839539829209,-1.4548846518807173
-0.22969417551155086,-0.5908246010253446,0.06762097995683042,-0.9082172274859254,-0.6242414651358881,-0.461397313624637,2.0453599473231794
-0.21624305408543354,0.9686052657569801,-0.7463833369227468,-0.9643946510302055,-1.0,-0.8945521354347685,2.45257830027174
0.6013608705461906,-0.561231843489294,-1.0,-0.7044220062368902,-1.0,-0.2035103234316139,4.210016788620185
-1.0,-1.0,-1.0,-0.9659922243824436,1.0,0.4319501938500796,-6.375434980282266
-0.478761429426968,-0.926187002897851,-0.5505780009229033,-1.0,-0.5131171187523389,1.0,1.0983213695839391
-0.2539905764748258,0.04887370613147479,-0.5977680142371875,-0.83906126234067,0.5335101309571375,1.0,4.553275516184664
-1.0,-0.9510365486209718,0.35445881943925955,-0.2922078636369321,-0.6932270092510738,0.7635565214796437,-2.7701064166186073
-0.4059471050482255,0.624850693818011,0.622385041216686,-1.0,-1.0,-1.0,-0.9085532315596883
0.7761887859208507,-0.09290234955731147,1.0,0.5193633562935163,-1.0,-0.110062993580758,2.424369069492614
-0.13593302143692299,-1.0,-0.14996129899655422,-1.0,-1.0,-1.0,9.269213982528747
0.898405160034355,1.0,1.0,1.0,-0.6362743191087614,-0.11330719494958519,1.0441196052330735
-0.48595072416359986,-1.0,-1.0,-0.7461062857232444,-1.0,-0.5859675335801786,0.13392737218941383
-0.4272710343980907,1.0,-1.0,0.03972306514125634,-1.0,0.2087032701219229,1.4094193468975464
-0.44410020108319137,-0.7947167670453845,-0.9661910388141748,-1.0,0.6925924909354803,-1.0,3.009193351780078
-1.0,-0.04343685572325384,1.0,0.8174868851004251,-0.25949355466841567,0.24199723763677106,-1.8789214000428194
0.7187301813765412,-0.34702088167305645,1.0,1.0,0.4822668303803469,0.6896095547738671,-3.488061932389752
1.0,0.2092109439105252,0.25011241289654595,0.238295809977479,-0.3741339881541518,0.507869071769051,1.4221309521993515
-0.1699748543531363,-1.0,-0.39446473421134454,0.27868385501925746,-0.5284640120030566,-1.0,1.1682622847980852
-1.0,-0.38034225804423766,0.37759687567734745,0.664623961819427,1.0,0.7488758321848092,3.265005245950317
-1.0,-1.0,-1.0,-0.945257725670607,0.6629710662441598,-0.29056190658307307,-6.6563477988658075
0.5779523185186368,0.36353454358506876,0.2208779669232681,0.40891562301081363,0.10051241219375384,0.9169821731547135,1.1454316517617895
-0.8167771410141171,-0.29612620751263796,-0.005267146261022093,-0.6884988189068695,-1.0,-1.0,0.17676211995069374
1.0,0.9690365765203719,0.22098802351139768,0.8841783689095408,-0.8970147174998433,1.0,6.403252952228375
1.0,-0.011855421612773087,-1.0,0.9969679167245671,0.4470763894785367,-0.47916214586737993,-1.7289580377315565
0.3290294845185413,1.0,1.0,1.0,-1.0,0.7520455241670755,-2.138961195838929
0.07409606483106967,0.5240675098746895,-0.574003190816285,0.5180522756607272,0.18968332292255125,-1.0,2.133051676147268
1.0,-0.3586928850212743,0.30415722788893335,-0.48036072650343936,1.0,1.0,-1.323821041756832
-1.0,-0.5316171550090736,-1.0,-0.03516591797783242,-1.0,-0.5566580564194326,-3.3615454942467977
0.18953638810458284,0.2349623438593076,1.0,0.8978668591701433,0.25354051270923383,0.9059670483547315,-1.8335072234194736
0.9093154895629598,1.0,-0.0933285349008598,1.0,-0.9296862965107112,-1.0,11.77473896333753
0.456487258844209,0.21875731287607014,0.4787112871351651,0.10434850063326709,-0.3008330471615443,0.08479624750475562,0.4893114257989106
-1.0,0.6357328485824597,0.3238933718647885,-1.0,1.0,0.5535973610291095,5.092226539135119
1.0,1.0,1.0,1.0,-0.5858318789369974,0.6391048152897222,-0.27002490064078866
-1.0,-1.0,-0.5494193638122784,-1.0,-0.19013800916832924,1.0,-2.7071386899820986
0.49441515562964655,-0.6189329616233957,0.0650316822143161,-0.20091129018119713,-0.6500494330616274,0.33035795715966887,0.553632092358459
-1.0,-0.5026277648715787,-0.4371538282196207,-0.412568176987109,1.0,1.0,4.87273773359847
-0.7268858375470756,-1.0,-0.06524255312379301,-1.0,-0.29719693189858293,1.0,-1.5402007734693954
0.2626250225243115,0.2256698743335045,0.25145695687268993,-1.0,0.12811356962509862,0.2202760662997122,-0.25389659801397885
-0.6732825992365475,0.6271846268646999,-1.0,0.3883663041194044,-0.5734061810542632,-0.9712123359827532,4.033612181341512
0.35037112839791196,0.5347998321185818,-1.0,0.8902674437953642,0.18387037910487633,-1.0,1.8413606266659577
0.024874413928782924,-0.366896748894379,-0.01672056229255703,-1.0,-1.0,-1.0,5.862815767104163
0.9920868716153814,-0.618500637082045,-0.28086994392210374,0.18098692157634722,0.7063649944131412,0.546079837430806,-2.136157129425198
0.6915475865136916,-0.8619143357056713,-0.21481910759568468,-1.0,0.3201351880830901,1.0,-0.44539980709525256
-0.6143214448217742,0.44119258983342613,0.4029029419321112,0.9640454578997398,-0.008984942720356048,0.7469787505131649,-1.4167272757595
-0.5181887362307973,0.3274696228017211,-0.5607230780898185,1.0,0.13240135915426676,-1.0,2.724991294436255
-0.16571061835247902,-0.30089311166606963,0.8549567387682747,-0.26137038789868866,0.10239083427438345,-1.0,2.7305902170916734
-1.0,0.05390088740135324,-0.49023315618956637,-1.0,-0.2517532029830942,1.0,2.2660335015031086
-0.989976193060734,-0.09158218377826088,-1.0,-1.0,0.30148059185664544,0.24260893336507006,-1.2992404839488338
-1.0,-0.13848520732712077,-1.0,-1.0,0.2645797904097862,1.0,5.97003628961585
-0.07262339077336,-0.31334421118188815,0.17557111754622018,0.4730153948427274,0.03551496715540134,0.6435855182997925,1.1167538673495696
1.0,-0.9363961291960228,0.28196092523699146,0.2777828425108836,-1.0,-1.0,10.416263536493963
0.3588999136794505,0.03431779971402582,1.0,1.0,0.8543848584911572,0.7576734758205205,-3.5224620366060915
1.0,1.0,0.5923640819244791,1.0,-1.0,-0.6786732940380955,7.715500784686496
0.13083428008300402,0.034667001807559994,0.6888535749649616,1.0,-0.1241441842699188,0.5624952943261534,-1.0840741405622176
-0.3447133217021907,0.5122084594427887,-0.039150108193294564,0.40307691480501034,1.0,0.8085114139531058,3.6728693927295235
-1.0,-0.14267683089676703,0.3568741196667108,-0.5418895664647265,0.15857579293095522,-0.4901771461036387,2.241058429092851
1.0,1.0,-0.35488618799740435,0.8761629811059235,-0.3958342895488989,0.22172856047966427,3.9868432109826095
0.5469007143746639,0.6981389115109614,0.22169496164910646,1.0,-0.46381849551883214,0.3352399046102067,0.6037376813675835
-0.7390131393436081,-0.12279347784454009,-0.7790745705947981,0.09732094227283933,-0.5628925446256159,-1.0,2.102976217386346
-0.1771802997287717,-0.6777409614323893,-0.34607478415657505,-0.0861332664619755,-0.474407669963423,-0.5837863343135847,0.22548591636314635
1.0,0.08039394911605657,1.0,-0.048242330794558586,-0.5570986428644423,-0.5601310777876015,3.6637269097602063
0.05469266429657704,0.796441240246845,0.5112781173588574,0.5886943930560324,-1.0,-0.9361190537752698,1.4718766560282084
0.9916999005168912,0.43395287419331896,1.0,0.023045055915232204,0.8747208207828469,0.778821118519629,-4.663236939833352
0.6944091577009912,-1.0,-0.6293118942413742,-0.2991771473956838,0.712398929530081,1.0,-1.800793059897233
-0.2812287769186615,0.6879060615370872,0.18637821286055256,0.8829451536066939,0.24911545569849936,0.6413102755643487,-1.0495350708898292
-0.9978896040723064,-1.0,-0.36800483902560854,-0.38698459180428824,-1.0,-0.2031691957578481,-1.4200091973315165
1.0,0.9503659204899717,1.0,0.9300759595617997,1.0,-0.328948911024487,-6.376828904728021
0.92869473830041,-0.6348832378796978,0.07810747303655147,0.17861967675722717,1.0,-0.7714856904315069,-1.4061376590475647
0.4717709073783527,1.0,0.10506275164464696,0.656312734343627,0.026884338968214044,-0.7324508716400642,2.2858764281125583
0.3042397090104718,0.3403063681304941,-0.582573453679767,0.5557465160168008,-0.937468676647397,-1.0,4.117841026010977
0.31086243563001187,0.10032751673882549,0.1584471877543567,1.0,-0.3176852232231231,-1.0,3.9287448940508796
0.6560981383119897,1.0,-0.113983403947743,0.3092629790663405,-0.14066289793077036,-1.0,3.3650870477453374
-0.9129356298709561,-1.0,-1.0,-1.0,1.0,0.46983150128665885,-6.404949494849382
1.0,0.6699273878031069,1.0,1.0,-1.0,-0.712553003854079,7.262287985326463
0.6490292950212629,-0.6419993339938583,0.3718808568141241,-0.20182883958104772,-0.40200273167003586,-0.00415891073555158,1.268107735312107
-0.1989292401904993,1.0,-0.05497661786613295,0.21789093370564055,-0.07794113420359111,-0.09935783650314667,0.2691443219064936
0.881779951721384,0.08344606613753591,-0.7930839826437202,0.9667483659219732,1.0,0.6329926590349738,-0.9692388771107755
0.22666611540596393,1.0,0.05570985352761926,0.3965627965255081,0.7233429784070609,1.0,3.5099182488404845
0.4904127919843739,0.8342088339859097,-0.8773188057384279,1.0,0.6516495231726611,1.0,3.4013512982073593
0.488244726844566,1.0,1.0,-0.2218673796618012,1.0,1.0,-2.0412430312823333
-1.0,0.436677055193515,-0.8881659380467961,-1.0,-1.0,-1.0,0.41941687195378297
-0.33634953673869306,-0.29015656236672716,-0.017070707127787577,-0.11761096577029001,-0.028749547573191883,-0.1300756528558471,0.24804117001627007
0.47893671373468977,0.45921222824703795,-1.0,0.1948320396090854,0.42017673961352264,-0.021796528802761284,-0.7629418967231063
0.8598067767337527,1.0,1.0,0.20670723950352232,1.0,1.0,-5.390797352876249
0.13615286972940477,1.0,0.5590733389676152,0.49448223536377645,0.20580892317659832,-0.5492304083051486,-0.7216940463910145
1.0,0.6009208036360418,1.0,0.36362294884334,-0.6468646363295012,-1.0,5.358207416667307
-1.0,-0.06796349889066222,-0.44070150092777016,0.6328512587516416,-0.5007402965927401,0.24136551961221409,-1.258644779946329
-0.02985579601975441,-0.3956412664165747,-0.21000999418654928,-1.0,0.8598041478368121,-0.4346517930775382,2.323315923814642
-0.39915069178108076,-1.0,-0.7338345727603367,-0.428104218334439,-1.0,-1.0,1.8011448387515936
1.0,1.0,1.0,0.7945923181536438,0.9635781304934801,0.2506179780240322,-7.6474226156976775
-0.6114796419487863,0.5033147513213443,-0.5632228604099729,-1.0,-0.8328117213452262,0.6873054311972895,4.43405062329369
-0.2584702853955191,1.0,1.0,0.5595614307049237,0.23521930055879836,0.05662491880618847,-2.206436022732433
-0.6030974437188217,-1.0,0.3208545428627812,-1.0,1.0,1.0,1.431245105281514
-0.8050129242498998,-0.5260232054424585,-0.7820638545628433,-0.015322614941874702,-0.18417923462055452,0.38199689894365585,-1.043777047925126
-1.0,-1.0,-0.05096232206165974,-1.0,-0.07850026759580722,1.0,-4.126896957224201
-0.4350302666792021,0.07313325847473895,-0.9122477337476976,-1.0,0.21971648595904258,0.5369752172989402,1.308544847599359
-1.0,-0.5854795235209569,-0.850267178558028,0.57695990842737,-1.0,-1.0,-0.6630757379822847
-0.6935685672385996,-0.9001233124182082,-0.9583945497619526,-0.32279262327521785,0.05448397548135886,-0.22748222908094734,-2.001008287785399
-0.927398516300072,-1.0,-0.8695228996762334,-0.28523094501945256,1.0,1.0,3.4018117686439475
-1.0,-0.04273861046657457,-1.0,-1.0,0.9816829786524143,0.751386265917556,4.075194490598287
0.04359876731450785,0.22817285997594078,-0.7809251850092502,0.0023287487284068265,-0.8947899610092921,-0.904238911300532,0.5840207778387936
0.10339666004502779,0.9554223583967305,1.0,0.08537154692499738,0.8654283229997273,-0.0820235722810958,-1.771406183304006
0.6518421600918936,-0.12426650803073302,0.3145630433123753,0.6229387848776793,0.422415541315861,-0.21830490527386193,0.020031894236780923
0.45866153147371785,0.5982342787636367,-0.09104431662253695,0.24544634964878131,-0.5241119720510663,-1.0,3.870124226938901
0.646856772170775,-1.0,-0.9841008410806609,-0.5473207615698901,0.7613418557686897,-0.07383449467733705,-3.931250584795638
-1.0,-0.999194139112707,-0.4398026285046932,-0.6898848908608863,0.14292963961612637,0.08477068976465985,-2.0703173622831983
0.18734979330811763,1.0,0.2986406987953325,0.1879964049058891,1.0,0.8749846451321992,2.1361634435106134
0.694867271870488,0.8911248093232873,-0.6324194634517946,-0.6202856376499295,0.06432897628111404,1.0,7.363421353890365
0.7284728262400437,0.8780292876425382,1.0,1.0,0.5800674148097934,-0.1982539368725923,-5.033232403051868
0.9701341842958507,0.32323321769935975,0.6998215460044047,1.0,0.6564803214491477,0.21135048466029027,-2.984145604405001
-0.6870441994173488,0.15652073833350172,0.9893718544017356,0.8532834987649505,0.1500378958679054,0.766203257947539,-2.578791635251368
-0.2781943472747713,1.0,-1.0,-0.49470865460908536,0.40446071490216395,-1.0,5.008265482132303
-0.28924490873509195,0.3030090750222689,-0.47154138357115216,-0.08247750813841459,-0.17393701589555377,-0.4349834534403587,-0.6791392200774808
-0.04928833166061941,-1.0,0.7744732620878747,0.4360094800076349,0.6765027319974903,1.0,2.2474018859260556
-1.0,-1.0,-0.33588940519910726,0.5732250411900446,0.5027638935128812,1.0,1.8674564598155845
-0.017144485413140342,0.234242469942423,1.0,0.2615812263955496,0.5350585972307926,0.8693987097031391,-0.5041757333998687
0.19037181700338918,-1.0,0.4530885140525285,-0.5963984990562708,1.0,0.09368605073591293,0.6529784945040348
0.48259503676615956,1.0,0.6776465446480338,1.0,1.0,1.0,-2.438101802672907
0.16689771390800456,0.9741806343294206,1.0,0.13255231625295505,0.1165805935365243,-0.8297721146350551,-1.2642946903321326
1.0,0.34917398159836854,0.35709601334134,0.15353990476573165,0.8702217073746248,1.0,-0.6536418005648881
0.26297743884923735,0.1414952725773031,-0.9986882192515035,-0.9178212240942194,0.7107926556492146,0.1693520451918622,-1.0940910774465247
1.0,0.15555915844710483,0.0911907203527893,0.2211989848746183,0.6323151138234897,0.965139583822222,1.0444389022675076
-0.07927965518606295,-0.5213783291015737,-1.0,-0.014191820844557952,0.2725991038050086,0.05825938700177746,-0.5179630405000146
0.9352973307575769,1.0,0.22981293627509447,0.4950715558343164,-0.6229708321895563,-0.5258680226667842,2.9110013314940946
0.5371964870261747,-0.03682784421155311,-0.2009962156359114,-0.4097932708010659,-0.6334395879334491,-0.6972019947617838,1.6776240465294048
1.0,0.09983515013476252,1.0,-0.30263208161978444,-0.5941211573596297,-0.21799379378033912,4.15826900368217
0.49923495679712515,1.0,-0.30706941760912626,1.0,0.47094201352120235,1.0,3.0878497834645913
1.0,0.8776487776561914,1.0,1.0,0.4406570687147039,-0.052436530054135844,-4.470148709053812
0.626280612229185,-1.0,1.0,-0.764678928739898,-0.0025183144987872552,-1.0,8.03601548522081
0.6904291796952944,0.48232607769595104,1.0,1.0,0.28264787842571404,1.0,-4.018208425861173
0.4505911428131497,1.0,1.0,1.0,0.5999810881112764,1.0,-8.295799139261593
1.0,1.0,-0.21679168600775148,-0.47998288811957723,0.5124712171398123,0.44488321978248324,1.995281031215054
-0.5826922217255992,-0.973354071897576,0.6931424795755721,-1.0,-0.7391581217859782,-0.5351017457955863,5.279361455353324
0.9883555269494269,0.5277982726034125,1.0,1.0,1.0,0.8890079374327193,-6.800723881995316
0.15546834121385156,-0.2504210008599959,-0.24710333000706974,-0.907940430547735,0.28989536355022033,-1.0,3.8413025389498503
0.7926041949757984,0.5080481275491402,-0.21661411469081115,-0.4957970888397111,-1.0,-1.0,5.212774984273494
0.22002678677299858,0.7462406293966304,0.11786387894941575,0.38161931722730447,-0.8135125588763332,-1.0,2.7127072955564175
1.0,1.0,0.11094693975326542,1.0,0.5479566950535455,-0.1905456938949346,-1.794336461350945
-0.14193385608373638,-1.0,-0.5379157937290255,-1.0,-0.3752438193846759,0.5240669409806481,-2.634947955801644
1.0,-0.9299849717662594,1.0,0.33353862374147286,-0.7407235119227563,0.3980008765817131,5.884137199240148
-0.3021307051700939,0.42534770194595795,0.6586800480281665,-0.41042959975336657,-0.948513708249817,0.4071503527778363,-0.7169744803862055
0.01923592734173618,0.03768569299469049,0.4475674594093556,1.0,0.47106269601012757,-0.31615790992117393,0.18280064227396525
-1.0,-0.5439567137983357,-1.0,0.15958397621833803,-0.06909067360051502,-0.21542727040866855,-2.6601791668205186
-0.9705824659795852,0.4462833412219319,-0.06012065454490209,-0.4090317159475788,-0.17612401731622673,-0.9486272023346285,1.95866148136939
-0.748210305777429,-0.9556571533787139,-0.3076461718395632,-0.03072653265224018,0.27232480307022944,0.3276649074962378,-0.8699586836516149
1.0,-0.6953653286119041,-0.6246548909355965,0.18877026660145307,-0.004036120262584486,-0.8295249331314902,2.3017624025415695
-1.0,-0.10957862313616173,-1.0,-0.8446369191000608,0.4705021161489912,-1.0,6.508403391885338
0.6615034912462132,0.4904973709054839,0.41641195595243596,-0.3367971390183308,-0.9395533834207356,-1.0,4.551626488774888
0.5265473893977077,-0.06837639227823206,1.0,-0.38762485002980857,1.0,0.23138929561126154,-3.0994993601365493
-0.2452463611995559,-1.0,-0.8375924321923942,-0.2360362226887256,-0.555240637653474,0.7611222358717987,-0.007497122910146148
-1.0,-0.37067167790011935,1.0,-0.44590556608695586,1.0,0.6234534818272071,-1.3287225618473517
-0.06275247305944257,-0.34457573314353385,0.4152216527096493,-0.6780730491508979,-1.0,-0.7840868684732464,2.7502741136103133
-0.2407207290305199,-0.5781490641817798,0.6434711205941933,0.37967134948386616,-0.5174236159666077,-1.0,2.765246042620253
1.0,-0.608998625525579,0.5498484005214922,1.0,0.25201273609421493,-0.28629865605560384,0.47791552852055613
-0.5601658887212805,-0.5125441656288536,-0.5186293573615841,-0.5582469263479252,0.3708097705762672,-0.5372766517286357,1.8794615591004327
-0.31928735602480285,0.3364886229088143,-1.0,0.765704836820259,1.0,1.0,9.434507103278602
1.0,0.0298499648044043,0.7096103503059326,0.937135409991626,-0.8581545322986399,-0.180347202203349,4.771603927692538
0.5370708239144764,0.23579290846864098,-0.7234226382281485,0.5062965786837444,0.19332261687801433,-0.8475087771689434,0.3015728778798984
0.9533243480687827,1.0,0.3025335309690539,0.875248074677357,1.0,0.2648429601742722,-4.01666229707413
-1.0,-0.8199198269637287,-0.8558854406823574,-1.0,-0.3432873556375947,0.21672775421673868,-4.228264538533789
0.4752418508490288,0.3471850238996601,0.6055721820867104,0.6973554864881701,1.0,0.18435612481268127,-1.4480885766858664
-0.4021720381521421,0.3586824028016237,0.5907287392484409,1.0,-0.33592441284124597,0.9536017314272499,-1.061721025836806
1.0,0.49386409277107646,0.27763253614332384,1.0,0.17840283119354255,1.0,1.6648038988943723
-0.4660291125386439,-0.16224636891220223,1.0,-0.005528462859325234,1.0,1.0,-1.2049677347143724
-0.27513461014478,-0.09598548018174968,-1.0,-0.37196705056543355,-1.0,1.0,6.512154877632351
-0.28092020106396615,-0.1385992060404172,-1.0,0.9419911486898479,-0.8219232369686615,-1.0,1.7891957221205281
-0.4921575921622352,-0.4863586571285381,-0.46479154857404126,-0.16887643216429904,-0.47676089121688997,-1.0,2.5322198768847497
0.5970124537068275,0.2515583909276812,1.0,0.14206479240009656,0.265817233207454,-0.2193479865056269,-0.42320160458900286
0.2359698204739072,0.5295896040434176,-0.07124235143346268,1.0,0.15129046214880548,0.002484082318055414,0.22914366410589881
-0.5267670003235676,-0.43774469163984187,-0.5277376664859803,-0.8428667143740103,0.8735606346053905,-0.3705716552967227,2.2175133277038417
0.06170916568115781,-0.6300407479587118,-0.8319581051032512,-0.1438390336236665,0.361940311975494,-1.0,2.489861886798086
1.0,-0.9238073367892271,0.15502946693390657,-0.25792480590652345,0.4002108886076092,1.0,-0.5199391142745364
0.042965264644135415,-1.0,-1.0,-0.04888207312438819,0.0222421596874674,0.3950779295794414,-2.6366999382509726
-0.7185199582684691,0.18794961919335249,0.9647639462592335,0.6633413458438169,-1.0,-0.504602397626795,-1.3734375088809418
-1.0,0.0740435441089744,0.34603188088604026,-0.7749903560641541,1.0,-0.0515707680837606,4.064949779287372
0.4898203382246323,0.3784643949452072,0.7141976405479726,-0.29757307519404474,-0.49662417989997404,1.0,2.1372448620627815
-1.0,-1.0,0.5808340249397472,-1.0,-0.4731150885303051,1.0,-4.177255476019456
1.0,0.6063343737723687,0.7910906563114842,0.829003578943733,0.285224248828574,0.38390198362702754,-1.7547400943856108
-1.0,1.0,0.03951295832415053,0.9581653690111542,0.5288915312683029,-0.6025154870828496,1.8292510159308675
0.06792527396581502,-1.0,-0.02126327341385359,-0.5227211207119742,-0.08967552560314473,-0.327015461697918,0.8021909053531219
0.6719817773342753,-0.4511989227536537,1.0,0.46118803869402014,-0.25746194530740907,-0.322289570981247,1.3571713471661198
-1.0,0.13458987501120198,0.667091184411146,-0.8993536621318988,0.33125972018011807,0.644191004555922,-0.41338690866736894
1.0,0.4690168764124769,0.8329199111897343,1.0,0.898835153293539,0.3480678811364315,-4.993139265972851
-0.7565836491773915,-1.0,-0.1347107187463718,-0.5816442561707134,0.36562979952195584,0.21922298064723175,-0.2778652671379231
0.16657376633594378,1.0,1.0,1.0,-0.6151224352372089,-1.0,2.4200363314502717
0.5328678231488319,-0.06167544168051989,-0.2458772215278907,0.1878110911447442,1.0,0.8787791147061903,0.7270667523911852
0.2660501958279631,-0.7759297978884461,0.14036442087031725,0.16292347331535184,0.7706189859131107,-0.07233836181509307,-0.23874024205332284
0.9530475223975026,0.7302167408682234,1.0,1.0,1.0,1.0,-8.077643777718796
-1.0,-1.0,-0.03051938406974064,-0.28699931096581,0.16479048209812241,0.8444971644466079,-0.8552516898199206
0.3713111490452783,-0.8051858058938652,0.6778196483999375,-0.3878203091272612,-1.0,0.6688872592783253,2.811505771515444
-0.30400011659111903,-0.00606072274351277,-0.09141565450551414,-0.4687881134507844,-0.25226827891548687,0.14679153209884654,-0.8648617793975497
-0.5751927024148842,-1.0,1.0,0.2526130474584767,0.22818185992589268,-0.4544807276399205,4.282134739427471
-0.28491033422628487,-0.6819514077507544,0.4295596971061061,-1.0,-0.5599569357871708,-0.07757815791711542,0.8721737558485656
0.28093067912764824,0.5081870299484511,1.0,1.0,-0.6778198346948183,0.11374228205253517,-0.551783933229328
0.8666413863370809,-0.5589653518967861,-1.0,-0.7523227673903663,1.0,0.9293477596484256,-2.0689909442069623
0.3189665064183514,0.6315304045220429,-0.16339863660720505,-0.11177895093109419,-1.0,1.0,6.519478452324428
0.5871715286304824,0.38289933382292685,-0.44320996787888145,-0.4114467555647636,0.5069016234377136,-0.18785299085528284,-1.0539609768866782
-0.07334968121041238,-0.5642656116240126,0.24908724590425307,1.0,1.0,-0.5317064054929006,1.1009114489672256
-1.0,-1.0,-0.39083672725529306,-1.0,0.7289895843777326,-0.38753844063449006,0.651700268352045
-0.11070098172296441,-0.5453478065966992,-0.39901496016074744,-0.48681677831150527,1.0,-0.2649922724978736,0.44983554142353377
-0.565919516679716,0.2330239790501344,0.7598398960305542,-1.0,-0.04715625213654129,-0.5830013918329104,0.24887624025177116
0.9061419410744065,-0.36096791675547385,-1.0,0.4647648611110965,-1.0,0.7135421430414924,5.783376838699211
0.2201761217555243,-0.04575231166281829,0.08645446541748551,1.0,0.22221370806982862,0.8704455228331922,2.2848084896158127
-1.0,-0.6209683523919578,-0.36750395188215546,-1.0,-0.2882003924006252,-0.11439444690198045,-1.9655771969796803
1.0,-0.1186423181632667,-0.3499367061777245,0.2944275227764006,1.0,0.5918545195822185,-2.6804854920336116
0.1463354525447682,0.7180425769999583,1.0,0.6030362319619356,-0.2228959914687444,-0.27466212547646973,-1.4708317814938598
-1.0,-0.6084581245925287,0.021316515955061385,-1.0,0.21953840932248325,-0.3953324808515048,1.8936300860870119
-0.21159074469409192,-0.576310790514668,-0.05890111516253049,-0.5284930376028845,-1.0,-0.3446391702773548,1.5850604402576147
-0.5080920883420111,0.4427575381118994,0.9426618076197348,0.7806700649313325,-0.03861338913328205,-1.0,1.4986559547113658
-1.0,-0.03118912304795285,-0.5090570880392488,-1.0,-1.0,0.7079382786880664,2.0649159457050805
-1.0,-0.3803340883120581,0.05797873187328079,-0.6305156139002037,-1.0,-0.6472829705381037,1.2940387628183614
0.004361691725355943,1.0,1.0,0.4895410096801185,0.988658319796369,0.45368501769278863,-3.683892380149
0.4926502700287203,0.9544762158287661,0.9167533197642728,-0.7500272944811852,0.6923387335672484,-0.14777178378852796,-3.0004776068835732
-0.4881878323852529,-1.0,-0.3560366459080486,-0.4066889789075268,0.3690133672889846,0.2639101329193798,-1.5958152562492738
-0.529125888685688,-1.0,-1.0,-1.0,0.5765294665666867,0.09016139617837737,-6.679996508599043
-0.12581538160428474,0.8373882213917534,1.0,0.05458378282138099,0.4570565546670966,1.0,-1.8170597534477921
0.6562943575519938,-1.0,-0.7860505932910231,-0.3141998185804795,0.03329528526032843,0.862244430773919,-0.2066199081299761
-0.606218330397102,0.19781206211767283,-0.5154640262638474,-0.5036046537175418,0.4729076208014835,1.0,4.604088156523999
1.0,-0.10220655006158463,-0.025480416361705838,1.0,-0.30246171167591207,-0.17354446469012624,1.5193139645722753
0.4525804033232341,0.5419793689473154,-0.41122828220396324,-0.20058932687147712,-1.0,-0.5767936817383603,1.4890798776494758
-0.2932445488734692,-0.3091963847650081,-0.7852476087797629,-1.0,0.1314387984960501,1.0,4.170940279708315
-0.46421189079886926,-1.0,-0.4040561650127825,-1.0,1.0,1.0,1.4626759725740468
0.6333285521283885,1.0,0.6392504596601106,0.5475081406400812,-0.4456541966059967,-0.3571280935081985,0.3458405758842806
0.5940571327131261,0.11597942457310095,0.5409404792930108,1.0,-0.7871779992300639,0.5972304185529808,0.6746332299946726
-1.0,-1.0,-0.2808260229227262,-0.6137336561407779,0.9295097148881712,1.0,2.3887080255529343
0.30026240101367385,0.6331928810248367,-0.31699093396320177,0.6236225450063054,0.43231162790845223,-1.0,1.4706128548870945
0.8198213676017807,1.0,1.0,1.0,1.0,1.0,-9.885746860398795
0.13149431997032696,0.20912421791811386,0.017770746787000913,-0.25482574689688847,0.44999310286747707,-0.643470084077616,0.28582128252983996
-1.0,-0.7832658315946852,0.14476959985025384,0.186949321044533,1.0,1.0,5.276769743267883
0.6328412449230951,-0.1705922771556057,1.0,-0.5456637223923428,-1.0,-0.44908434576855266,3.612140200314453
1.0,0.6232123450940681,1.0,1.0,0.23801508889291198,-0.45674592131119157,-0.8995370474673183
0.3783898856125385,0.010690509346641175,1.0,0.3146662384313776,0.09021820662716139,0.027961247312217385,-0.5361045462117957
0.6475565989098988,1.0,1.0,-0.008968695370783486,-0.6596987687981346,0.9010693391750331,-1.2256708863036117
0.09268410832842577,0.8386965535033026,0.7523093987541177,0.7786628765421407,1.0,1.0,-1.1348022041121293
-0.38505582233627206,-0.03228917738370868,1.0,0.46210728175805693,-0.37692799701272994,1.0,-1.490905925969265
-0.29549036721554023,1.0,0.42855708894070477,0.69373906605791,0.9273200392412064,0.25591862566848955,-0.0024235967983284867
1.0,-0.8678313933384286,1.0,0.3190693703837243,-0.30910639810509233,1.0,1.0836817137283288
0.581716711358663,1.0,0.004577062013030986,1.0,0.4326738521391579,-0.9628483619659624,2.2961255959106257
-0.08386876913666708,0.17642483689424704,-1.0,-0.08007849690808588,0.07502662047697026,0.3076455502957409,0.648140833491946
-0.19741378460925518,-0.6860528337412818,-1.0,-1.0,0.18361694502133907,0.046532735234066314,-2.524816261691848
0.5446526184096949,0.6804897916715653,0.08911721435395967,0.0882796143857753,0.8326346604653951,1.0,2.8335610644936233
-0.6439752864884865,-0.7112924736149664,-0.8743533073056788,-0.4489955591306334,-0.25982097947447536,1.0,3.57649201715391
1.0,1.0,1.0,1.0,0.35697259288405664,-0.39627531619889694,-2.626208881931089
0.7683490859370532,1.0,1.0,1.0,-0.8697239011880963,-0.7408218609940851,4.273138971217806
1.0,1.0,1.0,0.016052734201118524,-0.010329718792947473,-0.6799641223598281,-1.2864675027770263
-0.7601677360386163,-1.0,-0.4557460784970818,0.006996660466401572,0.37270105395317515,1.0,2.290933831249974
0.10305936250899594,-0.7261983193017563,0.11714568353627808,-0.4295436547431808,0.29747966040325313,-0.049901470367349265,-0.12161909307126129
-0.11065394331814948,-0.956177977971914,-0.5611612045709464,-0.046519530662920014,-1.0,-0.3925303752879372,-0.14827864103779376
0.6851995952420153,1.0,0.3630937527731881,1.0,-0.8060750575609901,-0.11156203380624341,2.776379964717057
-0.8297028721541042,0.12025343717169024,-0.9058756848374976,-0.7175318457588489,-0.5097762984663013,-0.6732083574357521,0.12063265672583795
-1.0,-1.0,-1.0,-1.0,1.0,0.16743974194694572,-8.797800443775296
-1.0,-0.4244196926592958,-1.0,-1.0,0.10011488527032608,-1.0,4.636415830097185
-0.453056406744761,0.325550984739851,-0.09552071957580188,1.0,-0.7871002962624557,-1.0,2.217162496751895
-1.0,-0.5044173756611455,-0.6961118921401609,0.4164157416517811,-0.3937912392631843,-0.863302374946822,1.6982066094244923
1.0,0.5448384593408047,1.0,1.0,1.0,-0.1968922176195323,-5.341834927760902
-1.0,-1.0,-0.1941831620914184,-0.20218437296801017,-0.6313953876037146,-0.6191098498931742,0.436382470585213
0.15565930661210714,0.3354326394385578,1.0,0.055023126006913614,-1.0,0.2577629919923555,-0.12343895048512721
0.45865184790099056,0.6493381438527019,0.43157804489443397,0.11147858080772122,0.30064194009562184,0.8866059925215037,1.5106622739551645
0.7122794064427992,0.7644498706997789,-0.9328564024237351,-0.3017998088382505,-0.5512620479452232,-1.0,3.4678116540779076
-1.0,-1.0,-1.0,-1.0,1.0,0.5125327200748185,-6.945481174593452
-0.09865707196961024,0.9958048677115908,1.0,-0.420224986683351,0.8936058882783801,-0.28826735615437665,-2.079651834130419
0.31136337870295216,0.18878269360136707,-0.29865789218914357,0.8442092394216478,0.22172876845744538,0.6778683385363999,1.4788109480323455
-0.05833913895937326,-1.0,-0.19317801108381533,-0.04528873075219653,-0.12454341786816037,-0.34190291336906314,0.5131333868552906
0.4716225221938266,1.0,1.0,0.5183277196106617,-0.6497840119164411,-1.0,0.6861181095496449
0.4792088695323188,1.0,-0.053257173368889854,1.0,-0.9310733183943687,-0.5385231807386408,5.45316570881003
-0.13499090604408093,-0.7722302024073067,-1.0,-1.0,-0.47960533873949684,-0.6307595748857265,0.8540715804977534
0.5070641520359503,0.2542402771099332,-0.567311030854395,1.0,-1.0,-0.08498168225346237,1.6901554201679854
-0.6389011142430561,-0.16827584783260097,-1.0,-1.0,0.9451683822624531,0.725199770268808,3.9727296951900923
-0.7383106606688186,0.6539075834994754,0.8436048181525299,-0.3561997660514832,-0.3032612084651205,-1.0,-0.23809621635832134
-0.17590155647982053,-0.5600068898451174,-0.6858855936253936,0.35907012174242037,-0.808115727483361,-1.0,1.8108763762385296
-0.1962133437971027,0.8086542406626437,-0.6510406841641063,0.35290718729958137,0.06389164320783669,1.0,5.948916130147901
-1.0,-0.6601711196471942,-0.7648290585295683,-0.042705294422625495,-0.5960566993398475,-1.0,2.4148180218845137
0.6129572136589455,-0.9363695729209209,-0.029888219648509462,-0.04241641977394922,-0.36335032226015285,-0.55469877234236,2.4168904304162493
0.8127780705171329,0.045107748863601804,0.7624944566016547,1.0,-1.0,0.10454852864571659,3.239804049228887
1.0,1.0,0.983902889655997,-0.24407739504906042,0.08420416248311052,0.05165034405391811,-2.7548354173351886
-0.3452579408424801,-0.5158030352422789,-1.0,-0.21461882299416055,0.5609729886120833,0.028111471630040574,-1.5270343582924903
-0.4387065438601083,0.6859588909606691,-0.9132922357415912,-0.21175413413424693,-0.5016031658607696,-0.5627315551926574,0.08380932870371757
-1.0,-0.21949773278469387,-0.2604009279774502,-0.8242565794398946,1.0,1.0,6.226965485502776
0.5564169357556412,1.0,0.037666305418997625,1.0,-0.05210578240024655,0.15502329717789254,1.3674203768919893
1.0,0.30829890622671613,0.7945395144321712,0.01121397797702317,0.579314667263148,-0.06427691316624681,-1.5192522457975204
-0.8199178302051598,-1.0,-0.2084559891422346,0.47711849365603476,-0.9039643374011053,-0.6311690978892628,-1.56398961749472
-1.0,-1.0,-0.1901302269762909,-0.9356828184678585,-0.04876484103424311,0.46525608824046905,-3.4193169111729533
0.5914071325457044,1.0,0.46940200620459893,1.0,-0.4507063423995856,-0.8137987743791146,5.07895743387634
0.23992974373875622,1.0,0.2993663183741491,-0.35263786532032115,-0.25487746605684397,0.3459195485133705,0.4501372986834704
-0.38710398168623106,0.89087211398143,-0.25695706366760535,-0.5469930850404313,-1.0,-0.6171148450057893,-1.2146269312299176
-0.6065137095595955,-0.23576254535502983,-1.0,-1.0,-0.9344453543072134,-1.0,2.253786708400271
1.0,0.4100518915624629,1.0,0.0695263378520159,-1.0,0.8295224552177689,2.9489670596749136
0.8778206312905823,0.7120435113780426,-0.2672319493419376,-0.4236717935798199,0.9975509419329821,0.15868152749794984,-1.2912417201294208
0.6557851241986414,-0.6710699874131025,0.6379857219582907,1.0,-1.0,-1.0,8.213771510949723
-1.0,-0.43573946585408874,-0.7386961763732447,-1.0,-0.61500544198462,-0.030399138087006505,-2.326759933978051
1.0,1.0,0.16394897024733346,0.7553774837868937,-1.0,-0.6718566383085023,5.793600232545259
-1.0,-0.3361148119193793,-1.0,-1.0,-1.0,-0.040621678571531206,-2.4751709820292143
-0.38946384248111965,0.45440511034294995,1.0,0.5661413855207192,0.7639008137894483,1.0,0.2519324956166531
1.0,0.09620323244432516,1.0,0.13063158782445305,0.07568173538647618,-1.0,3.0737124735590933
-0.2607451415987234,0.2407612642248621,-0.6379530481483209,-0.9322209309066212,1.0,1.0,7.747343824928853
-1.0,-0.9121564640211645,-0.752925204966594,-0.5687974327293048,-1.0,-1.0,2.3570044604406957
0.1552409858217922,-0.053887600288897275,-0.9213518315926409,-0.8656546929708938,1.0,-0.1321423701699349,-0.7428174765072412
1.0,1.0,0.47420389110457584,0.6105735226178768,0.4387054105860152,0.47174761155379075,-2.4774853603298177
1.0,-0.11967387319568157,1.0,0.566965614644811,-1.0,-0.3206272710850855,5.814689671570429
-0.3709240270662324,1.0,1.0,0.8202116495340013,0.40902782176720853,-0.616583929783132,-3.2816606172547322
-1.0,-0.7665139111370105,-0.7955682431984225,-0.11852875462637225,0.744513792843122,0.3035131114510061,-0.968646127253885
0.7487436993198717,-0.8319559616818759,0.3596907680778132,0.24906239603175595,1.0,-1.0,-0.008183571782890864
0.9308575103513763,1.0,-0.08728276835867166,0.3104872643035424,-1.0,-1.0,6.9632784671485615
0.8334222330769526,0.08331439164922105,-0.4728620388721161,0.04967244290797024,-1.0,0.38359912222183556,3.285575668217366
0.23455130140644612,-0.7956816153920854,-0.31453620422814726,0.21328999366742418,-0.058533511654310144,-1.0,2.2603932738643526
-0.06978164469670589,-1.0,-0.47581507503057097,-1.0,0.6425152410345955,0.5057349870122028,-2.6084759914948803
0.9151378974790129,1.0,1.0,1.0,1.0,-0.2996590262529044,-7.359141284807783
0.06940823291900566,0.8230790061565295,-0.16993258106950537,-1.0,-0.07452106333745259,-0.31708550521388934,0.3932670957168384
0.23053486848285976,-1.0,-0.9688898572260249,-0.3683029417812152,-0.8857113881243814,-0.10131274198184426,-0.2637628125164122
-1.0,-1.0,-0.8639170893095337,0.42804091886735396,-0.507345841795198,0.9947839580639883,0.7241377037528878
-0.5492812582520653,0.3614708219160885,-0.8628992749946627,0.21700361451608788,-0.19557361961168993,-0.23387322625441676,-0.7407764860944537
1.0,0.029980683473609347,0.976925244205797,-0.07525112855934914,-0.6210922152994703,1.0,0.18511341995977082
0.09649675699251503,0.4511822920457025,0.725806912168006,0.6707014437813528,0.9441591728269699,0.039360370464261774,-0.35333085871430486
-0.10934196694751006,-0.6134032896985349,-0.2238588757162816,-0.16547304144477842,-1.0,-0.8060973545459063,2.073667937711231
1.0,1.0,0.9770939316577351,-0.8408768356006338,1.0,0.22239913037005055,-3.674357392563926
0.7019905678059637,0.7791179580575851,0.850366182566032,0.03023984961468318,-0.5584787640783612,-1.0,2.6514767826432997
-0.20378212081116615,1.0,-0.33408457935396985,0.29462438127833446,-0.41385613636964313,0.6117587558412699,2.6260785326735463
1.0,-0.4298587708457116,1.0,1.0,-1.0,-1.0,8.52411811350192
0.7279068780968716,-0.1587420215032217,1.0,0.9132708118396493,0.7442245335102908,1.0,-3.499578429312706
0.5886344536216929,0.5990203697240812,1.0,-0.6455320533663162,1.0,1.0,-1.7147936468305762
1.0,1.0,1.0,0.49595902508450873,0.13720981069529126,1.0,-4.649958191110022
-0.798909193000721,-1.0,-0.7234656997240434,0.15238702694376327,-1.0,0.23899109851662675,-3.7244393044581297
0.6240696129335568,1.0,-0.4991751614750127,-0.29659079677631295,-0.9277767505891763,-1.0,3.1541674677854514
0.050024661446965824,0.020405002350856627,-0.7428656746155093,-0.4114627149640333,-1.0,-0.010229346233994852,0.42382083713664725
0.4681294110032379,0.9284603006635248,0.35610263353786853,1.0,0.327525038772712,1.0,-0.10351624004169846
1.0,1.0,1.0,0.5534636779575988,0.5519579018575331,0.11117119357999583,-4.167084068333086
0.09266480250027098,-0.47395344847417226,-0.07636157491466011,1.0,1.0,0.9007239330760151,3.7514559246758017
-0.4749645133543292,-0.13590632568683247,0.5115825346091437,-1.0,-0.07206164355539069,-0.4035348999534249,0.4460599995717893
-0.1805431232511433,0.718572242155243,1.0,1.0,-1.0,-1.0,0.9748542820142762
0.1815714997423521,0.7029457448021774,0.1448883750504381,-0.5098138659428167,-0.6091983149100442,-0.6237830896824874,0.49783967577450466
-1.0,-0.2139798348607571,-1.0,-0.35891144162449273,0.23291523620325183,-0.9534925718565408,5.423856548614871
0.411055980217252,1.0,1.0,0.7975005879007839,1.0,0.003840439783669436,-6.24421190849488
0.6444244531655028,0.7664951352109178,0.08756900427289649,0.1890360419078443,-0.1444758636742538,-0.8594432736942926,2.4573566680439973
0.8739488197553418,-0.8460345266827201,-0.017111653164509022,-0.44596103529670317,0.6921955712970144,0.47197976963155874,-2.0994787598188784
0.542903985363676,0.25728041458298145,0.7341706210859349,0.0024293444830600364,-0.39839473031303574,0.5034666606418083,0.490637570231644
0.4495719866455898,-0.6103365688279301,-1.0,-0.20934134327878828,-0.8570032617962932,0.006816227928944096,0.9178085889058627
-0.6051244958926472,-0.7225042263386214,-0.6549495453159535,-0.8025168215460413,-1.0,-0.9934429585011586,3.1697334614394492
0.8393593116125002,0.5781373371942121,-0.04941004496607352,1.0,-1.0,-0.04535775609377368,3.392107445943147
-1.0,-1.0,-1.0,-1.0,1.0,0.8489145944602512,-3.41828526562031
1.0,0.39208505610986566,1.0,1.0,-0.6328496570173501,-0.4296136024539583,3.6823519897861603
-0.5902752299863403,-0.03859263284958281,0.2663298941141643,-0.18397062600866812,0.696687397044355,-0.19312254083953406,0.699424893178215
0.8156099997028752,1.0,-1.0,0.001786149503566592,0.5172908195770543,1.0,6.032333749772433
-0.43008785245957654,0.7436214779692001,-0.365319609454551,1.0,0.33043531787023883,0.7948064244166604,1.5624885962323998
-1.0,0.5745599701644104,0.2050373727355495,-1.0,-0.8961837187057409,-0.37169443921217504,-0.07572977608861264
-0.9015759444752408,-0.5328939120601773,-0.13666864025050196,0.1682276460532155,-0.42242127816864605,-1.0,1.9169798276725298
-0.612466867873198,-0.300182664243739,-0.18339940394080234,0.14809714901661686,-0.6067332963773748,-0.21261751365061587,-0.8441793711675385
-0.5995642514467978,1.0,-0.7320771953670209,1.0,1.0,0.4830930996618936,1.9323694630510897
1.0,0.6193794259914501,1.0,-0.9544320786355841,1.0,1.0,-2.416925328321584
0.5499474711286376,-0.14171632786565636,1.0,0.8900113511375445,0.30698968927609765,-0.18538669914724426,-1.4508457456949628
0.25813164678965794,-0.4121995227778761,0.19797803999233687,0.7906552090106764,0.72103318047122,0.15865482592584568,-1.0779737393205915
-0.052767316884578364,-1.0,0.0974968618452055,-0.3133290305504506,-0.007635106062673591,-0.6224655386247409,2.0385510138197187
0.5491410718328457,0.748650020481876,0.30868147512945643,-0.13084104918751321,-0.49737632544198473,-1.0,2.868372451199457
-0.8039817583993095,-0.33845212428008614,0.7087932243595285,-1.0,0.821174575038373,-0.2835581747847329,2.4891912482950955
0.36526294046481733,0.7874833373708747,0.38454449244810857,0.7603319950373041,-1.0,-0.8619968645756979,3.4824912601202844
-0.22162885813860156,-0.640223006448016,-0.5362487889644304,-0.14914574975380107,-0.5833358728534523,-0.16172065250523615,-1.0163735965105571
-0.8679280265450365,-1.0,0.42544822593448317,-0.2982637226289448,-1.0,-1.0,3.409871402708962
0.7553184906345618,0.3863827276691471,-0.766423549771561,0.5802312422703655,0.09424232691349688,0.008484738164987848,-0.12310299864234775
-0.015567793796143925,-0.47134144070554784,0.13952445697119886,0.8147597716370094,-0.6220095007287347,-0.08562505790042563,0.9639656039041307
0.6278277729303094,-0.1051585074846112,-1.0,-1.0,0.3074972796990253,0.7120954809125216,0.5819362966185999
-0.28707246584694657,-0.6704978470656262,-0.8781334710468662,-1.0,-0.46864533684436915,-0.021551494451502284,-1.1508232829382512
-0.2492851675506509,-0.9088224299004273,0.4288298743764912,1.0,-0.9088118199155588,-1.0,3.8190884395848
1.0,0.5969464238829654,0.6416924587121764,1.0,0.5552484617875737,-0.5750337504489759,-0.3198220633986854
0.9498714579772635,0.9340955319344861,1.0,-0.5789280878539758,-0.37903531825105186,0.84671407473347,-0.5999022171260515
-0.9001355726444695,-1.0,0.35702524387006285,-1.0,-1.0,-0.6747871226815336,5.972810210456587
0.6542766505833015,0.20036159918643737,-0.42330991065219514,0.3144676188906391,-0.4041093725984171,0.2855351375965781,1.8656887111367038
-0.32440438355167145,-0.006523624540942463,-1.0,-1.0,-1.0,-0.9511136904206197,0.823671506482994
-1.0,-1.0,-0.21117606192274718,-1.0,-0.5533927977210815,-0.014116122211242504,-1.5903263738434679
-1.0,-1.0,0.04706275737948529,-1.0,0.7251521942181647,0.3552886797810894,0.0598014454771746
0.6387066533258342,1.0,-0.8501085370125586,-0.8642216573446279,-0.6259784061344495,1.0,12.623231443900792
0.961645038786207,0.751914500830734,-0.017377927882844535,-0.7553573485387532,0.11090678840929968,-0.770813782106313,1.93441389008521
0.9422205698498543,0.4802997982091701,0.18960003437588147,0.8982779861895489,0.5849534184345558,0.9805985504030894,0.6862511433992077
-0.05758254457379053,-1.0,-1.0,-1.0,-0.022487202140649698,-0.615036232983788,-1.0961395428887601
0.34125144362072957,-0.4192893481302729,-0.21754756368842754,-0.14575620571077114,0.25097100597171046,-0.2018940109483176,-0.6480409006206702
-1.0,0.6932570685102883,-0.9639539571641331,-1.0,-0.42791619293081695,-0.5333141102359129,-0.49653789599039333
-0.46945936490348245,0.22833087320949844,0.30109998674031657,-0.7129325654573404,-0.42621110133958173,0.8040203761799164,0.3476144429942236
0.3052152693947427,0.3037924104776826,0.0888641510393679,0.9447994732743314,0.07215540431140377,0.268946547922821,-0.49952390075249364
0.9338058495704693,1.0,0.8194870803946839,0.015671886775133537,-1.0,-1.0,3.9209052266516102
-1.0,-0.09550089360974223,-1.0,-1.0,0.5382955264302006,-0.8349764368968217,4.013166249383016
-0.38617976784486724,0.8102576006352121,-0.1094682636466075,0.7681148972401302,1.0,1.0,6.453466052332484
-0.016608682392863283,-0.2297623022064338,-0.010532607831398977,-1.0,1.0,1.0,3.731081743183253
-0.0632380892619866,-1.0,-0.9345541048215111,-1.0,1.0,0.17772772479318538,-3.7518720511116657
-1.0,-0.6879257872151459,-0.7613467832782732,-0.13682412693261298,1.0,-0.8986235375616078,3.4831755379997205
-0.1197294720065318,1.0,0.41737442720170304,1.0,1.0,-0.23875358467181232,-2.559261218797289
-0.7856029932559345,-1.0,0.5990767140192519,-0.28322163913694515,1.0,-0.6942270848306529,7.194645456234265
-0.18942113070402067,0.7286177073536367,0.046422855436175414,-1.0,-1.0,-1.0,1.5072474908976754
1.0,0.9015547283059429,1.0,0.6481419249018463,0.9524279339077076,-0.0664746101638149,-4.920359729479679
0.21817459477267231,0.2606393772746186,-0.4126636585413355,-0.17686141061393634,0.33220726382267246,-1.0,1.5045034695977058
-0.28839342761989833,1.0,-0.40704510083008516,1.0,-0.4191582808598982,-0.1883727203619729,1.6680592447697133
0.742278764589077,-0.022882322655717213,-0.9103040921278157,-1.0,-1.0,-1.0,4.790324649594372
-0.16450055368233252,-1.0,-0.27937965453683633,-0.5842756912217638,-1.0,-0.8339995953299479,3.8567929059299653
-0.34897909805225835,-1.0,-0.5409152547415672,0.45301126870942965,0.2188717557507226,0.7036783174598276,0.9003540088646531
0.2888769727485201,0.5446691748371792,0.27708056330222774,1.0,-0.33793615193557713,-0.368566925592682,1.4417072472748478
1.0,1.0,1.0,1.0,1.0,-1.0,-6.017457957510671
0.03962148648943453,0.934898426647798,0.7952978594545186,-0.2871111725878161,-1.0,-0.24903991774420708,-1.7850243844616929
0.616145296505778,0.2877693311971925,0.24078902695936452,0.24575396639836267,-1.0,0.5837085305540808,1.9758453951122843
1.0,-0.19568790769372796,1.0,-0.38096428898515555,-1.0,-1.0,8.0019524740812
0.19381054950958884,-0.5524509044857788,-0.7575506311840716,-0.728899735833833,0.27480584295692156,-1.0,3.3195356420563558
0.7150663476704702,-0.2576534523441218,1.0,-0.4282314140375722,0.6451238174077156,-0.2587405787217766,-1.302155306714746
1.0,1.0,0.20285263648855256,0.9830769079602325,0.5906809794901782,-0.5988473780981218,-0.01354929503582486
1.0,0.5364021564545369,0.8921966637775935,1.0,1.0,0.43028883185224065,-6.072066405855112
-0.9932464492536983,-0.9109145527093763,-0.5465927608518245,0.010579353506409594,-0.5490997692963343,0.8166614274288527,-2.054321473929043
-1.0,-0.15936815238853108,-1.0,-0.9414383367769388,-1.0,0.7148309866996482,0.8680380828154424
1.0,0.7207656672922125,1.0,0.6284635477831284,1.0,0.5357039833963682,-6.520921673045512
0.014617923880793068,0.34551095451134983,-0.29199117778354,-1.0,-0.9809246878735901,0.7855477340299515,6.2001795307545144
-0.5318811847675128,-1.0,-1.0,-0.6181703366314684,-0.48550522026159865,1.0,1.5128326682381865
-0.6865875973376345,-1.0,-1.0,-0.30401277094888624,1.0,0.14072865028602746,-4.276674887632525
-0.7130402126139548,-0.2709995026981278,-0.06304889782161349,-0.3375305647844118,0.8321974456563732,0.156091344732888,0.9167961907732554
-0.8709841474404004,-0.6255648307113277,0.12686342130602374,-1.0,-1.0,-1.0,3.935226361677722
-0.5181706065669646,-0.4904995195806726,0.980239328115643,0.8478660057658584,-0.32080172016876807,-0.6367859438370407,-0.4361348367063517
0.7130932541041555,0.6167741565819942,1.0,0.24043123449451081,0.175162133935798,-0.07825175093568315,-0.6652423024211365
0.36280440285928184,1.0,1.0,1.0,1.0,0.8994257852175208,-8.68945343477573
0.10256065925784841,-0.8956207705627866,0.6761832021362781,-0.549597689540336,-1.0,0.03700354606541201,3.4445538307033594
0.45489171808679096,0.9123582966962489,0.5603013793546535,-0.16490086651927083,-0.5085832821510305,1.0,2.5678597283727234
0.3959730689723241,-0.8079275442193653,-0.6014723537461111,0.24009031088107552,-1.0,-0.9173823631924114,2.8927163688811666
-0.23653616881409656,-0.4086360209955613,-1.0,-1.0,-1.0,-0.6237359104626716,1.4673156015298354
0.09371420774501305,1.0,0.6056268242757756,0.7726807137841343,-1.0,-0.5509270875024789,1.4718391320762987
-1.0,-1.0,-0.5373770774484248,-0.7682494678734042,-0.04064226174063035,0.09156009015779198,-3.299848877329341
-0.2949803259643722,-1.0,-0.8932544931905859,-1.0,-0.10033213695320897,-0.3834260472783999,-2.523897118952122
-0.6085041285164361,-0.745090069551404,-0.6913604689894666,1.0,0.875346908593718,0.23707698124993337,-1.0036285728561747
0.5375092097924952,0.9717831841352844,0.5093930354060194,0.9677438373854073,-0.410941130240614,-0.9275044686492776,4.523033952564862
1.0,-0.47839589864749693,-1.0,-0.4461495050716552,0.06903594609921915,1.0,3.1878769169498167
-1.0,-0.26855361752906814,-1.0,-0.5420287691441144,-0.7543395139692144,-0.03128819913166103,-2.71566346247248
-0.7975704269524149,-1.0,-1.0,-0.544622773061872,-1.0,0.5268194268788344,-3.6855651663501305
-0.9674819648038411,-0.17516637431920906,0.2484040465637425,1.0,-0.7644204170509772,-0.6853577727269979,-0.6126367243017031
-1.0,-0.5805571648030905,-0.9392959352357835,0.47770816748354067,1.0,0.9656496005915323,8.234308897671664
-1.0,-1.0,-0.8341070046777272,-0.10034033310684065,-1.0,-0.8975884960742506,-0.27203163192210245
-0.261191234615884,0.34691572010073196,-0.8091019757267932,-1.0,-1.0,-0.9034371365544895,-0.49458555124963016
-0.30181790874741465,-0.315576393741422,0.17991690481219738,-0.09778571133994396,-1.0,-1.0,1.1760118133741102
-0.4864794013244451,-1.0,-1.0,-0.15048530551622652,-1.0,-1.0,-0.9323789690405401
-0.770839881055947,-0.4189991403009565,-0.23141714750822062,-0.12982540670967868,0.45230395901839543,-0.14404438574196066,1.5602664064297063
-1.0,-1.0,-1.0,-1.0,-1.0,-1.0,4.530096786235153
-0.9788704509168664,-1.0,-0.32621047800023906,-0.24246698240129616,1.0,-1.0,6.493890158248225
1.0,-0.280429362456841,-0.3658677846814784,1.0,-0.5806710111933188,-0.2134296821335876,1.9388882295866072
0.5051543141440353,-1.0,-0.6814927826379168,0.3518955763959207,-1.0,-0.7147523360391475,1.8999348195609842
-1.0,0.08500232498733917,-0.39451302528085597,0.3587515016639124,1.0,1.0,7.172918688486805
-0.9795935480051277,-0.42455757943779593,0.9112615949872738,-0.11163358700509929,-1.0,-0.11780791487908326,-1.6621447312899522
0.5807400824980224,1.0,0.2865862153867329,0.43470150980684635,-1.0,-1.0,4.409586707329925
-1.0,0.6003060496275452,0.8981172044308223,-1.0,0.861354310002699,-1.0,1.3613391614874255
0.16758085735373174,-0.1018633371103787,-0.08736675757982114,-0.06221593152261051,0.8614901788965831,-0.3736182873883585,0.35240212401867255
-0.5478462129003586,0.22103381587885196,0.8449720620949869,1.0,-0.37356695145460056,-0.5823919219332758,0.26599000192549693
0.4224054541432478,0.4710386292274953,0.08560515520961576,0.5144548994119539,-0.4397516819896805,-0.17935900857933507,0.4393389440041987
-1.0,-1.0,-0.8981910053540203,-0.4099729075941818,0.5674906675370042,0.39722996202606564,-4.011971097328598
-1.0,0.3111400558163575,0.019046414000497558,-0.265138854491859,-1.0,-1.0,-2.9664844381886812
-0.5919126486519873,0.3528090609402282,0.6768012294417527,-0.23902494520939677,-0.7291431450120519,0.10642980720369533,-2.2538035022369085
-0.6846186589238139,0.4587017328657798,-1.0,0.014276694555309555,-0.038613750547675685,-0.6552112864908195,2.0533012921627907
-0.2779070634921598,-0.7136786535531072,1.0,-0.02108489500161198,-0.35920499994298993,-0.39033931333789706,1.6448150895781442
1.0,-0.390010949470081,-0.802089943501681,0.7090143982954065,-0.8985593624304968,-0.45526018585705497,3.496668947822237
-0.10432475899348942,-1.0,0.5401345174099539,-1.0,-1.0,0.10927519853453216,6.099167413895675
-0.04480958610762409,-0.8444655018623519,-0.5659918725228079,-1.0,-0.28705918903556316,-0.06019670905290987,-0.9132602795299534
-0.4660318620025623,-1.0,-1.0,-1.0,-0.773049052279345,-1.0,4.613751307677385
0.055027511114881134,-0.16383474262795067,-1.0,0.882133401683665,1.0,-1.0,-0.3225938857824932
1.0,0.2975941934078692,0.4129025118663703,0.7758562551547347,-0.46294927870449276,-0.29712825512704927,1.8328078920000213
0.6294205928648453,0.13222336630412046,0.8800151991565488,-0.5497383389007371,1.0,1.0,-2.0819839894717753
-1.0,-0.3370234995942094,-0.6265649059507049,-1.0,-0.19060818661180856,-0.2104857155867977,-0.7500421001313315
1.0,-0.1712864559061159,0.5761591500541785,-0.43264695157591315,-1.0,1.0,6.2948942537481285
1.0,1.0,1.0,1.0,-0.024503623646892708,0.2380345947324786,-2.7940807856156065
-0.9927982048606787,0.023732100402278244,1.0,0.13237860256635173,-0.22536239223815224,-1.0,2.3252739974714025
-0.7704825780541996,-1.0,-1.0,-1.0,-0.6399760599076193,-0.24156188392851963,-3.908875176190377
0.7784064796937944,0.003145683317150705,1.0,0.09148745627280341,0.4160416842478205,0.6097858168614273,-2.231887326415186
-1.0,-1.0,-0.3076650062361228,-1.0,-1.0,-0.22096847219162963,2.2528690736625836
-0.04143110472900091,-0.4822258982239683,-0.37490890367522833,0.8719100716260793,0.7659967138782039,1.0,5.734662437420471
-0.4457651558040536,-0.08146697295784533,0.5328030413173963,-0.3350468102526434,-0.7063242447960603,-0.7938979498489391,0.38116411547871415
0.7740878137624961,-0.32950889323673715,-1.0,-0.5398259550749872,-0.9731694813896508,-0.02003196415159869,3.5615599657839723
0.9204100856537342,0.23684856789034026,0.711253190623252,0.8014024148654106,-0.029087726521490387,1.0,0.04523719707576186
0.1159828752600156,0.41379513740010654,1.0,1.0,-0.3300665665002004,1.0,-3.3467348145987175
-1.0,-0.1383466640559965,-0.4557114846184578,0.17536338911211313,0.019672407235155065,0.26996114831574614,0.3088503980811524
0.26078904175508244,0.3794820014723588,0.7275210646847952,0.6765754867410452,-1.0,-0.9548933693705188,3.5439149809230583
-1.0,-1.0,-0.3022063028330466,-0.4090558921125633,0.04881863256207357,0.07296173048879684,-1.000978051550306
-0.24505057729035062,0.016730282787702666,-1.0,-1.0,-1.0,0.257906635928045,-0.2495982296907948
-0.6871490667912864,1.0,-0.9241389971499999,0.20596079235625853,-0.39907859266079043,0.5936605833786596,5.0176404719758345
0.7312893676954025,1.0,1.0,1.0,-1.0,-1.0,6.222664845410245
1.0,-0.7322970799309315,0.9727638078195555,-1.0,-0.13400629671109865,-0.27496327722180847,3.7125292259494973
-0.8956499864938465,0.0605165919987648,-0.3090914237925364,-0.8699299152996945,-1.0,-0.6260643112913289,-1.054714182357594
-0.531537414589971,0.6924599182297361,0.2721721495497476,1.0,0.47760588830266076,0.5720040000696323,-0.041452041900429365
0.05346813198552458,0.7480310740475905,0.0626853973937816,-0.14501236702131906,-1.0,-0.3035214498187726,0.22660417905795405
-1.0,-0.7083276230208018,-0.4580595015425848,-0.5324695582259493,1.0,0.24768822034105065,0.611458510796508
-1.0,0.5950516209482696,-1.0,0.7419154660320858,1.0,0.7743099795936098,5.849683382864633
-0.10125310293934059,0.4130529876246489,0.0144460613138504,1.0,0.8732367694786325,0.3256647689886735,1.3359728558006339
-0.23066719255769597,-1.0,-1.0,-1.0,0.12777876227512958,0.5007582923474962,-3.8123888800442334
0.09915831203032938,1.0,0.4306635497256769,0.3997959060665721,-0.7395613277035175,-1.0,2.0799837806036483
0.7676640449001417,0.3189250866813118,1.0,0.6420536100098522,0.5379449333841517,1.0,-4.413931700213489
0.1764446320106765,0.3421640826918261,1.0,0.5263327027622193,-0.6010877246823081,0.017309998172347574,-0.1973078538498832
-0.3534508499450342,0.19693938825563695,-0.10859499773319348,-0.42065927544464077,-1.0,0.36822193032425776,-0.8871629409423534
1.0,-1.0,-0.45861793407028617,0.4953474074164196,0.40988613976662464,0.4110195215263702,-2.5514612513721433
-0.6351745222409408,-1.0,-1.0,-1.0,-1.0,-0.7455146391646322,2.5351907715299036
-0.9090113706268422,0.37912074436867227,-0.4905023017225484,-0.3201988461484546,-1.0,0.11960106239851778,-1.951328947335502
0.016260810717525165,-0.04111106315582924,-0.23803182196434766,0.6117530163721336,0.0888877570872193,1.0,3.344577954459257
-0.30508925927068764,0.23418958533761325,-0.6584780196936608,-0.2880178421206898,-0.4465070385670424,-0.0425242700272318,-0.22884160186235653
-0.7238878171577708,0.3014933478517005,-0.6842977606199783,-1.0,0.6388904685264212,0.09920961402271145,1.532382246358254
-0.5219734192872436,-1.0,-0.964525307723649,-0.15371639059870024,1.0,-0.04529497223096057,-4.094480111225345
0.7890380973691273,-0.5747119739723288,-0.722288527100384,-0.9092516036991453,0.7649281334755926,-0.25490630668490266,-2.4003364942643777
-1.0,-0.5091808804498779,-0.18217832975998038,-0.7350925029577995,-0.2699524818968201,0.6971793899507479,-1.7953550202940072
-0.4481802178080556,-1.0,-1.0,-1.0,-1.0,-0.3847433599673944,-0.23130326844129345
-0.03122755139940614,0.8909579589915702,1.0,0.049515004426966186,-0.9165653114296834,-0.6974437334660915,-0.9142446571739371
-0.5681597057090764,-0.992661564610303,-1.0,-0.6118766699765426,-0.2448804470131758,-1.0,3.4912848770529497
-0.0828345448712911,1.0,0.062005547064446165,0.8129048905303654,-1.0,-1.0,5.022839619692419
-0.05603943478730211,-1.0,-0.1873052794051594,-1.0,1.0,-1.0,6.574658337538346
0.12402417794133314,0.7304842968097229,0.06329445522749988,1.0,-0.35550011473369636,-0.7321755987374469,1.97308346893682
1.0,1.0,0.5056061276878547,0.8682362971312518,-0.5987552669729364,-0.4380668861972983,4.134429276684259
0.07114627281152364,0.6980169928276603,0.769007484266733,0.28710479891361107,0.19866292681178832,-0.8995221690194477,1.388224348291216
1.0,-0.16011517957333604,-0.2714113451464693,-0.04160987140117134,-0.6449095259741855,0.37978833946980306,3.0192365472737617
-1.0,-0.878670137965116,-1.0,-0.5790963237723085,-0.797318580465907,-0.1873313941813653,-3.77850431328748
1.0,1.0,0.597282240651243,1.0,-0.3524464188560092,-0.24815178068990518,2.482406116679682
-1.0,-0.6607576502406898,-0.8343604534845728,-0.37410280190184575,1.0,0.04345162524004875,-1.5898378979330794
1.0,0.15545520346342478,1.0,0.73291880588103,0.7461748620368426,1.0,-5.10458311380096
0.869867357945898,1.0,-0.9860593968536491,-0.4785498103298106,-0.40642949632253644,-0.2121456985971519,2.9786261304962363
-1.0,0.07532232124127305,-1.0,-0.33851816357030273,-1.0,-1.0,1.3677528773705157
1.0,0.1320119579852389,0.3188855916769241,1.0,1.0,0.6364084037494215,-2.0883393149313245
0.9067535815454881,1.0,0.4388600855365426,0.4441352490857631,-1.0,0.06301812643372129,2.1346188526202416
-1.0,-1.0,-0.6160543674406537,-0.8072899674165925,-0.41381964906649216,0.1229777395305818,-3.7148286149433796
1.0,1.0,0.063880017908572,-0.6636965354730644,-0.14298551587084207,0.7834178417992421,4.2070597639886165
0.08610592518240195,-0.13693348954179602,0.7370039856372067,1.0,-1.0,-0.5158079312871146,1.54554725012966
1.0,-0.2210924917180644,-1.0,0.5698967204609562,0.17949306604740153,-0.9372150587412995,0.6591548969614763
0.49780609592160013,0.47184948135946225,-0.7848791478601274,0.2903780106700925,-1.0,-0.6636333638418834,1.172236050485905
1.0,0.3859001534938946,0.9919929633685316,1.0,-0.22844736210394595,-1.0,4.397149750701275
1.0,0.4766835163406937,1.0,0.5540362914957566,0.597817735994483,0.5504015638573535,-4.221274100708742
-0.2822971386261118,-0.48315347719422475,0.9301158334815717,-0.10159959230808402,0.33708039509459264,0.2289988294220754,0.023178070451731203
-0.4622755716810772,0.9042114452552567,0.9569141546467677,1.0,-0.9271807016443376,-1.0,0.770276485535143
1.0,0.5961903068834845,-0.27178867610707247,0.6628460783497381,1.0,0.1617578390786436,-1.527985353327595
-1.0,-0.23378167186470378,0.4596943047254314,-1.0,-1.0,-1.0,-0.11666531119804602
-0.08092826721935004,-1.0,-0.9439591328606434,-1.0,-1.0,-0.7065189776928763,4.268696703739711
-0.20529875955639687,-1.0,0.5282672497465433,-1.0,-0.2904735325786393,-0.5243774689992571,4.5733188687592365
-1.0,-1.0,-0.1525701301435758,-1.0,0.03908066714989267,-0.0975379167214624,-2.236394818536567
0.1690388223043989,1.0,1.0,0.7610470615720794,-0.1855824579186327,-0.4988970877404187,-1.6523332719526924
-0.5826708927226087,1.0,0.6564440849885806,0.5810872438882981,-1.0,-1.0,-0.5980976137432454
-1.0,-0.8437455171113245,1.0,-1.0,0.30932121889431635,0.6683776153791321,-5.160718134622858
1.0,1.0,0.1482167057756596,0.32736006249587324,0.3134257009557506,-0.022302231374158626,-1.3873215981074116
-0.6898350664464024,-0.8876738344027535,-1.0,-1.0,-0.48469094535600554,-0.6020009691992065,-0.7408158750530045
1.0,0.4141337463103669,0.16284314163988,1.0,1.0,-1.0,-0.5913373331902732
0.3116550383634752,0.387546387210918,0.57215270794082,-0.053718929152288236,-0.9504445036152764,1.0,3.596600552262815
0.13629401184740275,-0.4782057789886429,-0.07182202812647742,-0.771562159112182,0.5147243515545641,0.5427450436401544,1.2813861153473025
-1.0,-0.3657151033360475,-0.7372044141137357,-0.6750670816977391,-0.36819950563979814,0.19308882044585174,-1.260446950747499
0.454397609797044,-1.0,-1.0,0.2894875611407874,-0.8452143525668409,0.5172135672947351,0.5284005996883476
-0.42224525526619866,-1.0,-1.0,-0.7822568192833875,-1.0,-0.7007565952240595,1.4612423943632709
0.8266018411579199,-0.15178792843265768,0.2372026771186894,0.5742967918902621,0.5326970273284366,0.22216065855918737,-1.4699557557306355
0.14621906415730046,0.5757883761406639,-0.03397016576294448,-0.3363487083843495,-0.8341602216005998,-0.11746347503440432,0.47614703740570996
1.0,0.6403437117732459,-0.7422404970995133,1.0,0.1551993379008067,-0.01614313467699746,0.06107862052319252
-0.049865825757104965,-0.3275625134758584,-1.0,-1.0,-0.5375758453265973,-1.0,2.5977875656409957
-0.4165661588121695,0.4204296608742897,-0.7220178682068031,-0.6226407620482844,-0.7290887033068952,0.14002713859528426,-0.7537135051514734
-0.6584987964048139,-0.7888673689936918,-0.24147917212556103,0.29849859825324754,-0.448739739151919,-1.0,1.9557768040717856
-0.4533686002090541,-1.0,-0.41282974843488585,0.6999966355856109,0.7490301353697475,-0.7865755387111165,-0.09262116092251023
0.09920347310807534,1.0,-0.4772668779922379,0.5662945577567043,0.038955890485009866,0.5550295195806756,2.7471242427672533
0.9806035018112818,1.0,1.0,1.0,1.0,-1.0,-6.062149111797554
-1.0,-1.0,-0.5874674230615087,-1.0,0.48561533721559713,1.0,-1.7075556558277614
1.0,1.0,0.12050086183897246,1.0,-0.26393824028157803,0.8095136902635596,2.7947856507190836
1.0,-0.3203576807836328,1.0,0.7771932590683444,0.633129854817566,0.35403869255119735,-3.918495089340943
0.5808585464315897,-1.0,-0.1939496562386931,-0.40452838825619164,-1.0,-0.8639538163845841,7.035081247203407
-0.45401629199378957,-0.15684923803381212,-1.0,0.08730422262473891,1.0,0.8068087326345312,5.550850503701606
-0.18746222755480363,-0.11656945225815041,-0.12174054830771353,-0.032045438867141174,-0.044830419664357635,-0.4316544694125839,0.22332485936301716
-1.0,-0.9699984789620031,-1.0,-1.0,0.6633147142647128,1.0,-1.4105066921890774
-0.7264850624558139,0.2041668944578423,-0.11947164562386148,0.8457413230749607,0.22741513422595222,-0.10824925061527738,1.0325375516785487
1.0,0.9709653758430765,-0.1296005275862629,-0.002483998510544705,-0.07183433827883845,-1.0,3.7142371893884367
0.7604054465700543,0.9654097528203883,0.3994572520084558,1.0,-0.6501177825645037,-0.8070081805050224,6.87683222325026
-0.8353165404288295,-0.46466406440561064,-1.0,-0.21520521523615999,1.0,1.0,5.867648123203557
0.5530479868229028,-0.2985838786659256,1.0,1.0,0.3433443794111848,-0.3187326814178218,-1.0845201536077602
-0.19211448285322086,-0.30960806310606703,-0.6128213306494035,0.8305984244730752,-0.08577287772285547,-0.2651362281062856,-0.5025485612609848
1.0,0.2584956561762035,0.37380454936502905,1.0,0.14861950445973504,1.0,1.6775429687689885
0.012831443879387838,0.05029430308577146,0.1528898092759876,-1.0,1.0,1.0,4.600433235151506
1.0,-0.7705868693365042,1.0,0.386856096556728,-0.15614640106350364,0.19744605319576086,2.3757560751582525
0.3940396480211079,-1.0,-0.9153814925486228,-0.44563157624896066,-0.10713923116540103,-0.5178927551992116,-1.229540733182374
0.6703770119963575,0.35909410480229,-0.6719580200788704,0.19015000740357701,-1.0,-0.2065473273500691,2.059255611894935
1.0,-0.5316310272536523,0.7878411507229619,0.8936210754699091,-0.15818372175379802,-0.6931933091688806,3.7196651080142296
-1.0,-1.0,-0.7545507187649674,-0.09924586991498274,-0.26913306386701197,-0.17602467929812496,-3.4926892829763188
0.6527442630370642,0.4504625008790014,-0.6406263732949736,1.0,-1.0,-1.0,6.387679479213464
-0.8208854425855008,1.0,-0.4616205350244792,1.0,-0.5270441143235599,-0.07477283440955818,-0.594259806324199
-0.7204035963650479,-1.0,0.2061469908857836,-0.271432942514136,1.0,0.6760089738133528,1.5691499510182216
-1.0,-0.8529647788851512,0.20953330232009254,-0.6713830494893385,-1.0,0.8538074115332026,-2.2136963566494297
0.4499642030442672,1.0,0.8932977460086742,1.0,-0.47420784107262026,-1.0,3.360460801266833
1.0,0.2106854358258831,0.5988098326180677,0.44338104855145327,-0.16241815975327772,0.42740604417989736,-0.9650986919460033
-0.8064895099777553,-0.33963549175243424,-0.6865663060171618,-0.742145837565316,-0.6702893367294509,1.0,2.863169657043895
-0.3344480387724802,-0.20992742978752765,-0.28277983172898785,-1.0,-0.9933735415273104,-1.0,2.273383980148475
-0.16574119962195577,-0.01624781064154135,-1.0,-0.8936366682545471,-0.6355749031265913,-0.2299359907248933,-2.0604627273773026
-0.24590018485894627,-0.12142570600859715,-0.11850378619074634,0.680023917886112,-0.4956959604618403,-1.0,2.930242376148606
1.0,1.0,-0.3864729628106174,1.0,0.041267401974166174,1.0,3.638585870440986
0.378921506983275,0.4667487660799905,1.0,1.0,-0.14458323130892398,-1.0,1.6163120220986118
1.0,-1.0,0.3497652775630719,0.3159841867987878,-0.08613599329619315,-0.5207809323257474,4.1063002194704925
0.43920093190429493,-0.6050511460499521,0.10304316126021815,-1.0,0.08079883211567085,-1.0,6.384752842687602
-0.4563528481243951,0.3148372803311102,-0.181853490471857,1.0,-0.8845960814325865,-0.3971689939332175,-0.27912595061994405
0.049353276669492074,0.7997450566553705,0.15438829839817247,-0.26155098381107333,1.0,0.16079075392275227,0.623160182626143
-0.43643186860868033,0.09705380044515326,-0.3502223745269871,-1.0,0.13829010944902193,-0.7280958001004811,1.06581155596223
1.0,1.0,1.0,1.0,0.06668207210108401,-0.6783922836399549,-0.5149695246088986
-0.18326291779836873,-0.30323031987781346,-0.09443129193540056,-0.051960406349819244,-0.5948285870076313,0.3129873895495874,0.26480202272969
-0.35882533621442153,0.5122276216752861,0.5790770154077829,0.8245568623093426,-1.0,-1.0,1.6625162790389372
-0.390841285333111,-0.36267519610404864,0.12258001420012196,0.6236315180986216,-0.97913615272445,-0.5960811954228271,0.6070370110194429
0.4273749975145211,1.0,0.173094091153707,0.41887067496276487,0.2303228359544895,-0.5031784369340404,0.46664692698113863
0.22333726697931572,-0.6995918173520633,-0.5871463893301218,0.3849270188110375,-0.28553511731202963,1.0,4.839167464873949
-0.5393904218590666,-1.0,-1.0,-1.0,-1.0,0.03456379749886211,-0.7524322904284667
-0.02519169516931441,0.0898587459079806,1.0,0.7024489898779703,-0.6138463259974505,-1.0,1.6107767932790593
-0.26528992895140413,0.727995647383116,-0.10255381717418477,0.9228230226199488,0.4183589877506759,1.0,3.2433905155214333
1.0,-0.41916339207301506,0.3113080437539355,-0.7428261269633017,0.10921293491862882,0.17904680317046084,-0.050841777775300745
-0.2727780951809381,-0.9425396598720389,-0.8093281157870869,-1.0,0.1865616401841781,-0.07889696622689854,-4.408931934876573
-1.0,0.3941032170332899,0.30898167329010073,0.706444591915356,-0.0949136448898999,-0.5593850800512227,0.1693074174216087
0.9622957642576598,-0.1408475371282646,-0.035926032853304105,0.44643659322717355,-0.83155605206141,-1.0,6.885444756151171
-0.008067225884221929,-0.9649181091683379,-0.9501670208130033,-0.2521305793146196,1.0,0.3664139139428704,-2.263759714218304
0.3807344667545196,-1.0,-1.0,0.5931765258540485,0.4966769941766551,-0.6208274602971763,-1.580201087350652
0.4832402840199295,0.5890143922401704,-0.3782205475352294,0.8519997994298036,-0.7415045638743915,0.06603143610764117,1.9130670306791544
-0.6867128746715077,-1.0,-0.3078018521401555,0.028545427371661047,0.5195393730182982,-0.10966766732411026,1.4562483175207657
0.25203052593022646,1.0,0.7459258684538359,0.41154121051326653,-0.9429814581853302,-1.0,2.6678194132675106
1.0,0.1135737031558981,1.0,0.4153095826582667,0.8915215471765265,0.42270915598902925,-4.467932934686582
0.0728857636221677,-0.5992119693488338,0.04351962465142345,-1.0,-1.0,-1.0,6.954295589856558
-0.46997130782696517,-1.0,0.10144386941015948,-0.19090769229441795,-0.7766392070367825,0.4972602382569578,-0.1794372515042965
1.0,0.38621554338935926,1.0,1.0,-0.7017420325088446,1.0,0.6945659800122703
0.8405706340569434,0.5221403787669359,1.0,0.08001419152901385,-0.3464609767680369,-0.7009088023712305,3.180930007293778
-0.5838539954741098,-0.3378624177770242,-1.0,-1.0,-1.0,-0.10619989774047878,-1.2480628969680934
-1.0,-1.0,-0.4501283877406982,-0.4636173302099802,0.2644339969161221,-0.22687218049207705,-1.1204862130736863
0.287719683234398,0.9053315254817966,0.30844879475401177,1.0,-1.0,0.05023217764897095,1.9707551240832069
-1.0,-0.35178226052018147,-0.9136643984432137,0.059415428606474974,-0.20279107438971117,0.2704486925856393,-0.7526860272398495
0.06785843088253285,-0.5555835109193968,0.4058071038317154,-1.0,1.0,1.0,1.6293509424056962
0.06812878259972416,1.0,-0.020302419967704766,0.9674881027851607,-1.0,1.0,5.120352608098752
0.6143642454887245,0.13853939361985862,1.0,-0.6070019220337901,-1.0,0.027596159457217107,1.6495413536765553
-1.0,-1.0,-0.6042550966328186,-0.21718435597736985,1.0,-0.5023890179207289,1.457316488131784
1.0,0.13191455960832266,-0.02925607749522796,-0.6561765630224141,-1.0,0.218549668016363,2.5551487350222395
-1.0,-0.7024334690027998,-0.9626546611932159,-0.68895652555871,0.8091968496760065,-0.12320225698450032,-3.315499744379002
0.2631606403675944,1.0,-0.6436209218019799,0.7315732810350836,-0.7282600055720705,1.0,6.951705330487541
0.4971722249005532,-0.15003248109978684,0.9931074026453831,-0.5460307705035141,0.7625144001085191,-0.9067717610512529,0.41399034408914376
-0.06713551395686712,0.7969441402594057,1.0,-0.557320950964262,-0.7470502521043388,-0.8950652023907357,-2.1000266535612866
-0.062116822575632336,-0.8795647885627635,-1.0,-1.0,0.025115993017127355,0.9680328487351295,0.03710147060223157
0.17616909781172274,-0.8212992982634886,-0.1316305282227183,0.17705293991860233,0.23771822805643644,-0.44972549612146884,0.6913205177163002
-1.0,1.0,0.09348071374280698,0.9654327192864111,-0.5611289355140366,-1.0,0.4710275184187209
0.40529843117827935,-1.0,-1.0,-0.6272651546447021,1.0,0.5386254126556991,-5.001081430410112
-0.708404396594339,-0.7586323931693906,-0.37881031611102045,-0.7979237605193472,1.0,0.7550689689816956,1.8999214536675242
0.17644137638670995,0.14806481764170326,-1.5031273856158656e-05,-0.6830793037843648,-1.0,-0.3865289643714718,1.478374682885476
-1.0,0.16739784816150727,0.28811270942853856,-0.8832117174551376,-1.0,0.16014380465929398,-2.3843170945355014
0.2549667577425945,-0.21640436843224797,-0.6075270889203144,-0.5793398131737882,-0.444337710473238,-0.8283660675576163,1.3293618743337523
-1.0,-0.8219583742685499,-1.0,-1.0,-0.14620844308605718,0.882793379644383,-1.8514506739862742
1.0,0.2566382682349164,0.7891071297524159,0.14426897009453588,1.0,0.2695655120943005,-4.483702952870436
0.3791109106169799,1.0,1.0,1.0,1.0,-0.6841072967745637,-5.098823139681952
0.6437652442723832,-0.35145337033520757,-1.0,-1.0,1.0,-0.785511152146668,-1.7048055217713407
-1.0,0.4746889101372969,-0.049178682154097264,-1.0,0.7598651113084138,0.9097593582185188,5.917110462155194
-1.0,0.643550478121308,1.0,0.25325620985970754,1.0,1.0,-1.6336082151832427
0.21669422675399397,0.03659705039452277,1.0,1.0,0.45614637553979337,0.3196868670211659,-2.3096203208763693
1.0,1.0,0.38100272432275645,-0.1300257814212381,1.0,-1.0,-0.9542310971916326
-1.0,-0.9882375347710886,-0.031121962422200555,-1.0,-1.0,-0.005871085450989133,1.8579882547526776
-1.0,-0.065521536615615,-1.0,0.2146866937455102,-0.010210429618120798,-0.41507244370162377,0.10234386376374013
0.7333620559504594,0.2677916058545897,0.29710879199093454,0.7663152868360201,0.9949833954437264,-1.0,-0.875673056625847
0.26171067843383305,0.3604908961998322,-0.5291033924224028,0.670341228575779,0.033512712349856866,-1.0,1.6916747343785756
-1.0,-1.0,0.2541732245454029,-0.7092887370203651,-1.0,-0.7078557248275332,3.7457120688488206
-1.0,-0.24672961833714746,-0.2813253250223746,-1.0,1.0,-0.8721385174083632,7.736615594105893
-0.5893857038633886,0.24859125057576736,0.9723375114552988,-0.7793077427314741,-1.0,-1.0,-3.1261506392641114
-0.4694900751839296,-0.7315310282256969,-0.45903755600001844,-0.389000010217166,0.9772148720689706,0.48549136886349165,1.3041566557805988
-0.49221123918563703,-0.6532199684110871,0.8990306730265953,0.3234238945457655,1.0,0.12384672873999647,0.07867352538486216
-1.0,-1.0,-0.055832138732501355,-0.25256817386370356,-0.32034282061608244,-0.2435799249306063,0.16190249878413931
-0.8191670840989593,-1.0,-1.0,-1.0,-0.7742854502556648,0.11245191212167546,-3.357031649660589
-0.4310550178924588,-1.0,-1.0,-0.16545547155108048,-0.023239409938516142,0.6891705025834007,-1.649007303641123
0.14532908366254038,1.0,0.04415355503131968,1.0,0.05116624032571686,-0.04223353787013284,-0.07600656039764514
-0.29492223292760333,-1.0,-0.38388053238064335,-0.0268746839150954,-1.0,-0.9381851638139547,1.8294277824965939
0.505361657009432,0.5269618359451061,0.6287929902006844,-0.09967043449157462,1.0,1.0,0.4423597856168391
-1.0,-1.0,-1.0,-0.9055479992815341,-0.22011019324385914,-0.34238068382665143,-5.159178296225508
0.6936832270624722,1.0,1.0,0.626235996710773,0.4973796189323538,1.0,-5.367956925780687
0.8613311241864716,0.4346389979460351,0.6614723236705348,-0.3064931627976347,-0.10652710216260097,-0.04771848771875206,0.4107531516120631
-1.0,-0.6910021093920343,-1.0,-0.86770977955997,0.11694646248850893,-1.0,4.735055187123517
0.18013762728467186,-0.7485752171274143,0.7402956122062523,0.827718783088778,0.8764833275362756,-1.0,1.2914360027170049
0.29543583722154376,-0.06314903104922172,1.0,0.9392514322061231,-1.0,-0.5144178474864779,0.7152073401697604
0.08402148280869848,-0.21818334141724494,0.9237622177145112,-0.05751720532314758,-0.19898497629338197,-1.0,3.1510495651897252
-0.11853990687082988,0.7262381565361444,-0.2256069248447582,-0.8289640312501602,0.24496325653093254,-0.9975015917600152,0.48962831972887755
-1.0,-1.0,-1.0,-0.8723661501914228,-0.9673947256678361,-0.5808601658228603,-0.7955527119406995
1.0,0.15349013402021439,0.07745411900954813,0.522041271113469,1.0,1.0,-0.07099840143601066
-0.4555137001707368,0.13356110811160093,-0.157256808243171,0.06791082843178942,-0.6674200598289917,-1.0,1.369528507717659
1.0,-0.5145740680716704,-0.01828069540745847,-0.676667850926525,1.0,0.5671904304501709,-2.3375733210229073
-1.0,-0.7865145473256769,-0.38210578062506584,-0.9107855950014189,-1.0,-1.0,2.847840948219696
1.0,0.7594380024959264,0.7990630741882101,0.4795386399414159,1.0,1.0,-3.831052795897788
-1.0,-1.0,-0.17811155131978174,-0.7679227619212512,0.33169306829254463,0.40774550973546,-2.2666087668239268
1.0,0.47781202364829545,0.878203645464886,1.0,-0.525326124129377,-1.0,7.625340222796243
-0.10595942493851707,0.027570540581394853,-1.0,-1.0,0.9867420537055176,0.8067793717389234,5.732451417555902
-0.13255630240930957,1.0,-1.0,1.0,1.0,0.7746609430390721,4.73461552314424
1.0,-0.29804824969219235,0.11001722521889357,0.2449863361272825,-0.20831591022509954,0.29368147493824825,0.14980466572596934
-0.18669372794104797,-0.21641989325530256,1.0,1.0,0.9861070386197708,1.0,-0.20585338044417817
-0.6269437461558864,-0.567060310086025,0.12155153579687727,-0.7150739693209986,1.0,-0.8645395313458266,6.874480399696403
-0.5194641552026806,0.4573288706409421,-0.8309388227989116,-0.43758383061331174,0.12443192473554898,1.0,7.207173826919635
-0.06732161452892932,-0.9764208429354893,-1.0,0.21471430022580473,-0.4329621058122557,0.50395381941651,-1.7136731165950319
-0.7638451781478691,-0.32023821114397405,-0.7401325613665999,0.29925946077054033,-1.0,0.022745974827613646,-2.0423047732165958
-0.5838307125422818,-0.35372333184711846,-0.009408565975249333,-0.9046114377270242,0.23113921317442215,-1.0,4.727752079342074
1.0,0.5512834602498347,0.22900837405332997,1.0,0.6593935612490464,1.0,1.1338229434884517
-1.0,0.9254414658506741,1.0,-0.7276243877994387,0.6639579994857391,1.0,-3.5314454723442603
-0.629698977748752,-1.0,-1.0,-0.5295550791733432,-1.0,-1.0,1.6363758861842645
0.17912492127465796,0.4872950950171714,-0.7475227415883098,0.19928200555966646,1.0,0.2923405449824439,-0.2997001434130008
-0.5791472841462881,0.44917679778746233,1.0,-0.9493182174432943,0.6106940523017016,0.6263707482410215,-0.36100679892673426
0.0047634441324665355,0.2549373796936263,-1.0,-0.5806198792019532,0.5333637471227002,1.0,7.202748068881875
0.3531597130434797,-0.5819212812999527,0.33399205209851335,0.3120209397443995,-0.3360885132193303,-0.07701755376925956,1.4374475131167679
-1.0,0.16590135308257603,-0.5485995582700399,-0.7516871127644086,-0.29690100976766753,0.7432661313084694,1.2846228498188639
1.0,1.0,-0.40501926235922325,1.0,-0.5519937676410906,-0.8424879163422008,8.496231755981285
0.32308007980421494,0.6329320364884483,0.549052193202598,1.0,0.09081122199693192,1.0,-0.1434893260821069
0.39529703146043227,0.4793235167082055,1.0,0.7339619819972105,0.2944612652759598,0.3755094365522847,-2.3017831502428554
-0.27659243727670885,-0.7660542398287261,-0.5423300982039176,0.004484037026209364,-0.5288881707272575,-0.03814620297945226,-0.5919572565224542
0.42111043449012864,-0.41886325887497367,0.45794155886255883,-1.0,0.6680340537510386,1.0,-0.7285483515162194
-0.7740452193970178,-0.8472843987943327,0.051672251927637136,-0.6489154418605585,1.0,1.0,2.972432784300743
0.446268178344031,1.0,0.6831741387168038,0.21817697866311025,-0.460112320400355,0.2723430442584438,-1.5421026235378843
0.053480552636984036,-1.0,0.7758292694870836,-0.13724906681569637,1.0,-0.159007231470355,1.0945213614578713
0.28231543877228893,-0.24302037734189164,0.9896690397004915,-0.37352668981506676,-0.5103541435499868,0.7237291747334518,-0.0255350055607817
-0.15063120186341028,-1.0,-1.0,-1.0,0.9894673536714182,0.24252588128564734,-5.220748282382419
0.33648342227434913,0.5292450442929291,0.6277726243656218,0.7504709800764535,-0.3878484014273146,-0.056666750325066184,0.20925975742681502
-0.40048084616281865,-0.9893575791446758,-0.8030037107186603,-0.17746582009404344,0.4936306527778562,-0.0009346662872991018,-2.755740257368104
-0.5804238878407466,-0.898559105135496,0.4177474801932405,-1.0,-0.597848060600894,-0.25659754562114667,2.2117339415687023
0.041746256770236356,0.1097355743624292,-1.0,1.0,0.602061661679182,0.5508919591818626,0.6591259364464588
0.5072019778785405,-0.27539111463921007,1.0,0.4624449414852377,1.0,-0.46309572074487604,-2.5979779506939056
1.0,0.9576316503839262,-0.6304441770673107,-0.2083053689093694,-0.22946362446754637,0.2932043813397963,3.7910360427034058
-0.8051895003061468,-0.6537237482542593,0.22053476802097238,-0.36407270281774906,0.9258498336240573,0.9319782575457541,2.821078102925149
0.3204466936990995,1.0,0.5192712231397953,0.4142215666985447,1.0,-0.748640779893572,-0.4866407438915746
-0.40830631299672415,-1.0,0.5247353398926233,-0.9594104649808362,0.5221595207869931,1.0,-0.7342227541356988
-0.6032575588689133,-0.3637906010590686,-0.5036598728436168,-0.6825066160644726,0.018830801752398818,-1.0,3.7993734812955284
0.4085575701467,-0.7354843682685338,-0.5308849171956941,-0.09118319494482105,0.026965955173304967,0.9454335024293894,2.719121303767527
-0.4487935822231401,0.6630131957727166,-0.4460431691793151,-0.7824116435145507,0.12566551443091545,-0.17251036734008937,-0.7828762659933417
-0.12854297897031408,0.03303151200040039,1.0,-1.0,0.024755186783086414,-0.41410799671780685,-0.9894279427141921
-1.0,-1.0,-1.0,-1.0,-0.8150988286051614,1.0,1.4323106083379569
0.7901194744378449,-0.6147544873604509,0.9456308951252212,0.7417526776673402,1.0,1.0,-3.0928333278302316
-0.22048218791708174,0.6232518653208855,0.32076292347429125,0.9245223500783584,0.792666155693863,1.0,2.9030169336869283
-1.0,0.39595466366293,0.2984202109126183,0.07827229619333254,0.46492981731104815,1.0,1.934904422257162
-1.0,-0.5482932466338002,-1.0,-1.0,1.0,0.35755840651129,-2.684378157745972
-0.41004594054335564,-0.10625893945507947,-1.0,-0.4736691394429413,1.0,0.9402840219735011,6.346967940326221
-0.935925938517686,-0.17543963482967806,-1.0,-0.9946858295533375,-0.49629227463600123,0.9255458542883727,4.23384605875511
0.8128549841463464,1.0,-0.6165133021623417,-0.07382036493825916,-1.0,0.1650466325983332,5.076512814951932
-1.0,-1.0,-1.0,-0.19189575218493282,0.20892714018420722,-0.13109765828569148,-3.8851147266108557
-1.0,-1.0,1.0,-0.22454477836981623,0.67163560312123,0.6036678559244111,0.06200635291865586
-0.06640261663545127,0.3746171848925968,-1.0,-0.3191961708944987,-0.4296759137103056,-0.585384946478868,-0.2464057192492365
1.0,1.0,0.24299215132956398,0.2410915915340578,0.6368003044512691,1.0,0.8924579025602615
0.07945473095500355,0.3141723458553205,-0.8364182106225868,-0.7980273469563102,-0.897120602600008,-0.2281230369109578,-0.3314484317905181
-0.2289355268062479,1.0,0.7647552470686857,1.0,-0.10194507634190075,-0.19520512355959818,-1.1553251687727482
-0.6118073834644907,0.028033023898213855,-1.0,-1.0,1.0,1.0,8.700889484967128
0.17063990614616095,-0.8952169870238423,-0.014681971150563272,0.47788977513876935,0.3622650660958495,1.0,2.553309936604889
1.0,-0.6029652597142134,-0.17489775179131828,1.0,-1.0,-0.15033682842156257,3.940423543494943
-0.2774134085118108,0.25928683209180875,0.8212684245490546,1.0,0.09811827532044781,0.1872191480343498,-1.6190269356326494
-0.14229702341359318,0.6464627819616449,1.0,1.0,-0.3186870988080188,1.0,-4.299572487560989
-1.0,-0.7907917395600803,-0.2983335280770787,-0.8408068236634582,1.0,0.36572595842060546,1.6862670402773103
0.5818839707798629,1.0,-0.0732677283008909,1.0,-0.9235370094813611,-0.419898908396212,5.435313155284042
0.30671105688463274,-0.7341999167390054,0.26168729280475084,-0.770034509763993,1.0,0.6722262297732111,-1.6837253615757706
-0.581706597328829,-0.9728394001748157,0.05544053100771518,-0.11226489268284301,1.0,0.8032476584096266,2.382620334528718
1.0,0.2890258087160211,0.8724247433001213,1.0,-0.6338627669126555,1.0,1.1716224778392037
-0.05036412754638281,1.0,-1.0,-0.1678031920362986,0.43582081734153555,-0.967976069500599,4.907073997339435
-1.0,0.7029913571112515,0.07497688169252156,-0.29038301311303766,-0.4134774774595167,0.3232877337652145,-0.5199577442518692
0.683943045785085,0.8139214717054473,0.23724096472770728,0.6563144892063622,-0.8948518407666322,-1.0,6.0876880132500455
0.14138815512471048,-0.22575331361152684,0.6100235212320094,0.043527356940084236,0.044787815684523835,0.8171486359564929,0.0951899931854227
-0.00414209508380629,-0.4563242128346978,-1.0,-0.1545363284097636,1.0,0.010840070098327659,-2.2442150289169125
0.226699335977862,-0.30690414431327595,1.0,-1.0,-0.5696443153695736,0.13649311128011477,-0.3037701426154117
1.0,1.0,0.773781984181717,0.7252911510596783,0.1390034939482463,-0.39887218646655587,-1.7017404664091789
-1.0,-0.5907066653958877,-1.0,-0.7108683835246364,-1.0,-0.8528302134872648,1.2477171965711789
0.4404293275477751,0.12746017601151044,-0.424343644413775,1.0,0.7206028757887435,1.0,4.447750468869669
0.25283768169928256,0.7120450068038688,0.4704380250995235,1.0,0.29576220596654523,0.5985177383998539,-0.746330731869526
-1.0,-0.035173314271556455,-0.5817748086898373,-1.0,0.9069802234788565,0.68361943489613,4.25083833681983
-0.22878379067242027,-0.06881165888652885,-1.0,-1.0,-0.1434270803917187,0.4344709167665912,0.3874408319053151
0.5124925591291027,-0.6223731698496509,-0.5845047975161134,1.0,-1.0,0.7448481373854151,4.8480054853782715
1.0,0.7036404867161932,0.6869520311902514,0.9692270926505142,1.0,0.3758021653261925,-5.204240178802799
0.3850630956051792,-1.0,0.028014558501668285,-1.0,-1.0,-0.534276946343008,10.157393716987967
-0.15179569381423064,-1.0,-0.05081440946840954,-0.8762139786747967,-0.05438121427601439,-1.0,5.332679733900873
1.0,0.8550636030420098,1.0,0.3358317424839532,0.08476771569034619,-0.7133244736044767,0.3690978639534165
1.0,-1.0,-0.5234674285620927,-0.06650086279204104,-1.0,0.505276548625353,3.694470721473156
-0.2594065380966204,-1.0,0.4551952938937066,-1.0,-0.23699101467409744,0.861159934436196,-0.3593109305257065
-1.0,0.42803989484595334,-0.6046825436052103,-0.004062367186231652,-0.7049423333795621,-1.0,1.4866480656745202
-0.14942201472632188,-0.22769046514625224,-0.19661388965489845,1.0,-0.3864813344096402,-0.10137299754094994,-0.23576895083070096
-1.0,-1.0,-0.23193169232085653,-0.8675663442045878,1.0,0.2589982301448091,1.5732387637623608
-1.0,-0.731072822333714,-0.0027649301517045366,-1.0,1.0,0.7458981695151508,2.9795233814950324
-0.12317567920660621,0.004268008304333493,-1.0,-1.0,-0.14694401731785786,0.952898549919041,6.349315899575994
-0.6248648091872115,-0.6206034182094207,-0.03373803892601912,-0.39204118678907784,0.6487748014476,0.2925908262012277,0.2743270811563979
0.9035989517811618,1.0,1.0,1.0,-0.5727173940699172,0.16184775488839026,0.5345546291098586
-0.18814414214521946,-0.16774817127443953,-0.2406286511364073,-1.0,0.4940629096993663,0.636966483092238,1.8373638169831992
1.0,1.0,0.9101971585122597,1.0,0.891847238209169,1.0,-8.44971612290401
-0.6788605063043827,-0.5437149060767261,-0.9772853741757337,-0.328673002392988,-0.011586956318374586,-1.0,5.558403920910378
0.9292542806291015,-0.08810790379534683,0.7936949967832025,0.07884381101784177,0.19704543450645495,0.4184115011043046,-0.549237219097126
-0.24202516073245273,0.14845409117824027,0.2483320590388028,0.00017595813840393104,-0.7313354044704019,0.4059310346197793,-0.5092706547774573
-0.09987081122976108,-0.9245313228533245,0.3135919726441374,-0.7163006678889163,-0.6127580703444098,-1.0,6.800019285242989
-0.1688240936024488,1.0,-0.8584434903113645,0.5933222766430784,-0.18139493710349108,1.0,9.212214182522997
-0.6376243922593272,0.3056301399571086,0.44702379180668683,0.020452323815371543,-1.0,-0.17290013542421634,-1.1772715204665785
0.8409109513938067,1.0,-0.1114305757173511,1.0,0.1537750255559731,-0.34614102162848254,0.8250971519143955
-0.8591500019805938,-0.36159623324473206,0.8807169118589944,0.9068086567876081,-0.7784623015692838,1.0,-3.953268467105296
-0.5841575234105459,-0.0493971057070266,-1.0,-0.22627765698316393,0.2554213281776295,1.0,8.28019276673309
1.0,0.8749652484552537,0.26892128668039117,0.30004470907610803,1.0,0.1749825283647346,-0.6669601239198701
1.0,0.32400777064019826,1.0,1.0,-1.0,-0.39966617196327353,5.882429784379609
-0.3548279864596594,-1.0,0.012168819517334006,1.0,-0.9094335916420142,0.25540883144953397,2.1765656100676605
0.4629968537185639,1.0,0.17473248227735005,0.06011647080179905,0.6322175530627316,0.19114307858851962,-0.2406183032868101
-1.0,-1.0,0.4486124615382704,-1.0,-0.8557227200777642,-1.0,7.014899359007354
0.31874964446123166,0.5140819421099523,0.597563987521842,0.19373404064455402,-0.8270275584934459,-1.0,3.018199945923155
